cell_id,hold_elapsed_s,instantaneous_speed_mps,rolling_mean_mps,xy_path_length_m
seen_failure_halt_hold,0.002,0.05683388574507831,0.09960488398812778,0.00011366777149009317
seen_failure_halt_hold,0.004,0.05795687973514281,0.09924882543809087,0.00022958153096039734
seen_failure_halt_hold,0.006,0.05898126581641323,0.09890059927451683,0.0003475440625932606
seen_failure_halt_hold,0.008,0.059920168174030335,0.09855951009414339,0.00046738439894126885
seen_failure_halt_hold,0.01,0.06078845284197755,0.09822496855725978,0.0005889613046252413
seen_failure_halt_hold,0.012,0.06160237480616527,0.09789648600759711,0.0007121660542377566
seen_failure_halt_hold,0.014,0.06237862055239323,0.09757366770095842,0.0008369232953425587
seen_failure_halt_hold,0.016,0.06313358276910512,0.09725628367995982,0.0009631904608806776
seen_failure_halt_hold,0.018000000000000002,0.06388281389152813,0.09694409997270088,0.0010909560886636941
seen_failure_halt_hold,0.02,0.06464062209855433,0.09663695220328299,0.001220237332860722
seen_failure_halt_hold,0.022,0.06543160555549209,0.09633476071841898,0.001351100543971816
seen_failure_halt_hold,0.024,0.06672213252693455,0.09603808927073766,0.0014845448090254985
seen_failure_halt_hold,0.026000000000000002,0.06787774735797773,0.09574654365350616,0.001620300303741336
seen_failure_halt_hold,0.028,0.0689122754346315,0.09545976175269144,0.0017581248546104317
seen_failure_halt_hold,0.03,0.06984448778405374,0.09517743404759668,0.0018978138301785235
seen_failure_halt_hold,0.032,0.07069586819774146,0.0948993025185352,0.0020392055665738314
seen_failure_halt_hold,0.034,0.07148895590211074,0.09462517960133293,0.0021821834783780783
seen_failure_halt_hold,0.036000000000000004,0.07224611178806896,0.09435494133425934,0.0023266757019543946
seen_failure_halt_hold,0.038,0.07298860507001799,0.09408852422258496,0.0024726529120943333
seen_failure_halt_hold,0.04,0.07374612460531509,0.09382593811551959,0.0026201451613050183
seen_failure_halt_hold,0.042,0.07452368695526922,0.09356721368433116,0.002769192535215513
seen_failure_halt_hold,0.044,0.07595845772281684,0.09331519662061122,0.0029211094506611996
seen_failure_halt_hold,0.046,0.07724071789636601,0.09306945539114991,0.003075590886454023
seen_failure_halt_hold,0.048,0.0783746071112325,0.09282958416399112,0.003232340100676489
seen_failure_halt_hold,0.05,0.0793740104054842,0.09259522005962674,0.003391088121487656
seen_failure_halt_hold,0.052000000000000005,0.08026539481815106,0.09236606627424435,0.0035516189111238993
seen_failure_halt_hold,0.054,0.08107716496734597,0.0921418940872345,0.0037137732410584706
seen_failure_halt_hold,0.056,0.08183776061370057,0.09192254123050758,0.0038774487622857947
seen_failure_halt_hold,0.058,0.08257427666176982,0.0917079076562193,0.004042597315609259
seen_failure_halt_hold,0.06,0.08331950835913042,0.09149796554417064,0.004209236332327436
seen_failure_halt_hold,0.062,0.08408516725162783,0.09129271588105722,0.004377406666830816
seen_failure_halt_hold,0.064,0.08563631104896102,0.09109318549339442,0.004548679288928907
seen_failure_halt_hold,0.066,0.08697884203137116,0.09089896999750696,0.004722636972991651
seen_failure_halt_hold,0.068,0.08812394015681888,0.09070968793946868,0.004898884853305431
seen_failure_halt_hold,0.07,0.08911578338663505,0.09052504582446791,0.005077116420078681
seen_failure_halt_hold,0.07200000000000001,0.08997731826049793,0.09034479488896299,0.005257071056599553
seen_failure_halt_hold,0.074,0.09073138713150752,0.09016876502935213,0.005438533830862466
seen_failure_halt_hold,0.076,0.091414783428749,0.08999684893261992,0.005621363397719846
seen_failure_halt_hold,0.078,0.09205998909160777,0.08982899012591375,0.005805483375903031
seen_failure_halt_hold,0.08,0.0927044760088181,0.08966518170720528,0.005990892327920811
seen_failure_halt_hold,0.082,0.09336691445343716,0.08950543973280069,0.006177626156827563
seen_failure_halt_hold,0.084,0.09493044570424128,0.08935144329829758,0.006367487048235978
seen_failure_halt_hold,0.08600000000000001,0.09621971284118386,0.08920267633482809,0.00655992647391828
seen_failure_halt_hold,0.088,0.097243854897187,0.08905863451142286,0.006754414183712738
seen_failure_halt_hold,0.09,0.09802928645379774,0.08891886113833737,0.0069504727566203905
seen_failure_halt_hold,0.092,0.0986151591491402,0.08878297061249883,0.007147703074918717
seen_failure_halt_hold,0.094,0.09905045779146333,0.08865066823122608,0.007345803990501563
seen_failure_halt_hold,0.096,0.09940451148301939,0.0885217911586399,0.00754461301346769
seen_failure_halt_hold,0.098,0.0996935900584752,0.08839620258415778,0.007744000193584636
seen_failure_halt_hold,0.1,0.09996414537747478,0.08827385236373075,0.007943928484339526
seen_failure_halt_hold,0.10200000000000001,0.1002442709774265,0.08815474076986426,0.008144417026294225
seen_failure_halt_hold,0.10400000000000001,0.10143269229150992,0.08804017400442617,0.008347282410877154
seen_failure_halt_hold,0.106,0.10221155499263433,0.0879293952686779,0.008551705520862372
seen_failure_halt_hold,0.108,0.1025857654141375,0.08782164661981005,0.008756877051690802
seen_failure_halt_hold,0.11,0.10260406621862077,0.08771625680621221,0.008962085184128037
seen_failure_halt_hold,0.112,0.10233879817030864,0.08761268873754895,0.009166762780468836
seen_failure_halt_hold,0.114,0.10185045353016796,0.08751051613742607,0.009370463687529203
seen_failure_halt_hold,0.116,0.1012005742105285,0.08740942604205555,0.009572864835950294
seen_failure_halt_hold,0.11800000000000001,0.10044826887132897,0.08730921436427641,0.009773761373692888
seen_failure_halt_hold,0.12,0.09964777681862633,0.08720977428948175,0.00997305692733013
seen_failure_halt_hold,0.122,0.09884686950185556,0.0871110930990525,0.010170750666333876
seen_failure_halt_hold,0.124,0.09790942196566063,0.08701239482381075,0.010366569510265254
seen_failure_halt_hold,0.126,0.09650737241951157,0.08691282841251562,0.010559584255104284
seen_failure_halt_hold,0.128,0.0958929555383893,0.08681403331604255,0.010751370166180987
seen_failure_halt_hold,0.13,0.09547071101311395,0.0867164449435547,0.010942311588207352
seen_failure_halt_hold,0.132,0.09513487778772452,0.08662027323386302,0.01113258134378281
seen_failure_halt_hold,0.134,0.09623116457233467,0.08652840596678686,0.011325043672927524
seen_failure_halt_hold,0.136,0.09771848465571352,0.08644163593232294,0.011520480642238942
seen_failure_halt_hold,0.138,0.0994864961600569,0.08636052318505417,0.01171945363455897
seen_failure_halt_hold,0.14,0.10144663235528771,0.08628543938056032,0.011922346899269447
seen_failure_halt_hold,0.14200000000000002,0.10356153669446787,0.08621667157858369,0.012129469972658413
seen_failure_halt_hold,0.14400000000000002,0.10321706937276169,0.08614846079508333,0.012335904111403903
seen_failure_halt_hold,0.146,0.10380771821109809,0.08608278986341049,0.012543519547826001
seen_failure_halt_hold,0.148,0.10463301718033347,0.08602022171247196,0.012752785582186645
seen_failure_halt_hold,0.15,0.10557549304319802,0.08596106580085515,0.012963936568273016
seen_failure_halt_hold,0.152,0.10656199288283406,0.0859054673601015,0.013177060554038693
seen_failure_halt_hold,0.154,0.10745194609845639,0.0858532732652634,0.013391964446235673
seen_failure_halt_hold,0.156,0.10830442143949148,0.08580443208781915,0.013608573289114564
seen_failure_halt_hold,0.158,0.10910090444180473,0.08575883974819248,0.013826775097998154
seen_failure_halt_hold,0.16,0.10983019839310365,0.08571635809392056,0.014046435494784402
seen_failure_halt_hold,0.162,0.11048488517737608,0.08567682090894801,0.014267405265139083
seen_failure_halt_hold,0.164,0.10696420599587676,0.0856310855650776,0.014481333677130894
seen_failure_halt_hold,0.166,0.10365644542030392,0.08557973447507898,0.014688646567971541
seen_failure_halt_hold,0.168,0.10061887237363085,0.0855234377753206,0.014889884312718857
seen_failure_halt_hold,0.17,0.09737576378611014,0.08546188804330856,0.015084635840291046
seen_failure_halt_hold,0.17200000000000001,0.09391126333361925,0.08539472095575672,0.015272458366958262
seen_failure_halt_hold,0.17400000000000002,0.09023184128076285,0.08532156501824384,0.015452922049519754
seen_failure_halt_hold,0.176,0.0863573502085121,0.08524206572352812,0.01562563674993669
seen_failure_halt_hold,0.178,0.0823149290060885,0.08515590123466371,0.015790266607948824
seen_failure_halt_hold,0.18,0.07813496868108077,0.08506275476197993,0.01594653654531098
seen_failure_halt_hold,0.182,0.07384853305800868,0.08496231238762175,0.016094233611426992
seen_failure_halt_hold,0.184,0.07306083778195314,0.08486016424810464,0.01624035528699096
seen_failure_halt_hold,0.186,0.07168450336626223,0.08475540377528103,0.016383724293723475
seen_failure_halt_hold,0.188,0.06976474080020595,0.08464717297527369,0.016523253775323907
seen_failure_halt_hold,0.19,0.06735829919835057,0.08453468708590507,0.016657970373720597
seen_failure_halt_hold,0.192,0.06455441536460214,0.08441730138406092,0.01678707920444978
seen_failure_halt_hold,0.194,0.06145354534334056,0.08429453563278883,0.016909986295136487
seen_failure_halt_hold,0.196,0.05816638510676272,0.08416609669458627,0.01702631906534995
seen_failure_halt_hold,0.198,0.05479051252677829,0.08403185451692333,0.017135900090403486
seen_failure_halt_hold,0.2,0.0514259201994805,0.08389184659683346,0.017238751930802505
seen_failure_halt_hold,0.202,0.04820307668935814,0.0837463410368611,0.0173351580841813
seen_failure_halt_hold,0.20400000000000001,0.046152600622743505,0.08359567459112748,0.017427463285426787
seen_failure_halt_hold,0.20600000000000002,0.04395797136220087,0.08343997131439405,0.017515379228151152
seen_failure_halt_hold,0.20800000000000002,0.04158128227739073,0.08327921659523815,0.017598541792705907
seen_failure_halt_hold,0.21,0.03901511458179326,0.08311332092239664,0.01767657202186953
seen_failure_halt_hold,0.212,0.036302865878163525,0.08294222456352535,0.01774917775362589
seen_failure_halt_hold,0.214,0.03347960614902034,0.08276588416011145,0.017816136965923927
seen_failure_halt_hold,0.216,0.030602379696959944,0.08258432005890916,0.017877341725317797
seen_failure_halt_hold,0.218,0.027722793339549832,0.08239760897206848,0.017932787311996934
seen_failure_halt_hold,0.22,0.024866337692993422,0.08220583541619106,0.01798251998738289
seen_failure_halt_hold,0.222,0.022089577257269014,0.08200915760867138,0.01802669914189743
seen_failure_halt_hold,0.224,0.020411291956123796,0.08180707782947445,0.018067521725809627
seen_failure_halt_hold,0.226,0.018656281804596934,0.08160001847605068,0.01810483428941883
seen_failure_halt_hold,0.228,0.01683388546086951,0.08138833338591425,0.0181385020603406
seen_failure_halt_hold,0.23,0.014979482240200863,0.08117236400109008,0.01816846102482105
seen_failure_halt_hold,0.232,0.013142028113757047,0.08095247095377829,0.01819474508104857
seen_failure_halt_hold,0.234,0.011400450070345685,0.0807290987225119,0.018217545981189267
seen_failure_halt_hold,0.23600000000000002,0.009896575974027898,0.08050290643187862,0.018237339133137354
seen_failure_halt_hold,0.23800000000000002,0.008817969164118923,0.08027486464642132,0.018254975071465587
seen_failure_halt_hold,0.24,0.008335948648317347,0.08004622837630336,0.018271646968762024
seen_failure_halt_hold,0.242,0.008577319508966676,0.07981845368623641,0.01828880160777965
seen_failure_halt_hold,0.244,0.00737025583517094,0.07958531475417818,0.018303542119449647
seen_failure_halt_hold,0.246,0.00660537921224359,0.07934840814009617,0.018316752877874085
seen_failure_halt_hold,0.248,0.006382462183222959,0.07910944823551029,0.018329517802240555
seen_failure_halt_hold,0.25,0.006715589954813786,0.07887007403142178,0.018342948982150154
seen_failure_halt_hold,0.252,0.007505404704758124,0.07863162396246591,0.01835795979155954
seen_failure_halt_hold,0.254,0.008596811837612107,0.07839503029609801,0.01837515341523487
seen_failure_halt_hold,0.256,0.009900251839193101,0.07816095674020211,0.01839495391891334
seen_failure_halt_hold,0.258,0.011353589090566024,0.07792986038368012,0.018417661097094244
seen_failure_halt_hold,0.26,0.012907488037793296,0.07770202467756865,0.018443476073169776
seen_failure_halt_hold,0.262,0.014583146913072236,0.07747770845547056,0.018472642366995813
seen_failure_halt_hold,0.264,0.015079344387295636,0.07725072776862,0.018502801055770315
seen_failure_halt_hold,0.266,0.01584092524194941,0.07702249877516171,0.018534482906254136
seen_failure_halt_hold,0.268,0.016846498489389832,0.07679424035044959,0.01856817590323297
seen_failure_halt_hold,0.27,0.01800637212314668,0.07656686805174043,0.018604188647479238
seen_failure_halt_hold,0.272,0.0192673620637034,0.07634110119921017,0.01864272337160652
seen_failure_halt_hold,0.274,0.020578401305863657,0.07611744248644735,0.01868388017421824
seen_failure_halt_hold,0.276,0.021936412936996413,0.07589628129214016,0.01872775300009209
seen_failure_halt_hold,0.278,0.0233370218142195,0.07567789958531615,0.018774427043720537
seen_failure_halt_hold,0.28,0.02476540597515361,0.07546246039404979,0.01882395785567086
seen_failure_halt_hold,0.28200000000000003,0.026223465891650685,0.0752500586838024,0.018876404787454244
seen_failure_halt_hold,0.28400000000000003,0.026872483860657204,0.07503479057788057,0.018930149755175606
seen_failure_halt_hold,0.28600000000000003,0.027670702483746198,0.07481804004686271,0.018985491160143194
seen_failure_halt_hold,0.28800000000000003,0.028587153377685588,0.07460099141344433,0.01904266546689865
seen_failure_halt_hold,0.29,0.029598097959390505,0.07438463801413286,0.01910186166281742
seen_failure_halt_hold,0.292,0.03068538364587505,0.07416979343702172,0.019163232430109263
seen_failure_halt_hold,0.294,0.03182839292558694,0.07395702945513455,0.01922688921596052
seen_failure_halt_hold,0.296,0.03301679214722011,0.07374682368026252,0.019292922800254887
seen_failure_halt_hold,0.298,0.034243332390281066,0.07353952105099573,0.019361409465035485
seen_failure_halt_hold,0.3,0.03550227215642511,0.07333534408347027,0.019432414009348295
seen_failure_halt_hold,0.302,0.03678849720062656,0.07313440652864772,0.019505991003749498
seen_failure_halt_hold,0.304,0.037434899936173355,0.0729309330243698,0.019580860803621914
seen_failure_halt_hold,0.306,0.038201749915259556,0.07272654081526646,0.019657264303452483
seen_failure_halt_hold,0.308,0.03906745281498121,0.07252264638945034,0.019735399209082394
seen_failure_halt_hold,0.31,0.04001494442505729,0.07232046100943082,0.019815429097932546
seen_failure_halt_hold,0.312,0.0410307215643691,0.07212100810996908,0.019897490541061262
seen_failure_halt_hold,0.314,0.042104050977282426,0.07192512448229733,0.019981698643015845
seen_failure_halt_hold,0.316,0.04322634112869676,0.07173344542709667,0.02006815132527323
seen_failure_halt_hold,0.318,0.04439063937696101,0.0715464244213754,0.02015693260402715
seen_failure_halt_hold,0.32,0.045591280838728626,0.07136411607763261,0.020248115165704544
seen_failure_halt_hold,0.322,0.04681835296222224,0.0711857393420352,0.020341751871628958
seen_failure_halt_hold,0.324,0.0474892354999541,0.07100723527077446,0.020436730342628866
seen_failure_halt_hold,0.326,0.04826781513873594,0.07082917990434023,0.02053326597290631
seen_failure_halt_hold,0.328,0.04916303133428866,0.07065003900093868,0.020631592035574905
seen_failure_halt_hold,0.33,0.0501391701240896,0.07046968865877724,0.020731870375823105
seen_failure_halt_hold,0.332,0.05118439882482117,0.07028809183513794,0.020834239173472716
seen_failure_halt_hold,0.334,0.052290004096610485,0.0701051562841023,0.020938819181665954
seen_failure_halt_hold,0.336,0.05344850103138125,0.06992080233158714,0.021045716183728694
seen_failure_halt_hold,0.338,0.05465109384606991,0.06973503341742698,0.021155018371420777
seen_failure_halt_hold,0.34,0.05588898682995563,0.06954778272955346,0.0212667963450807
seen_failure_halt_hold,0.342,0.05715790318115624,0.06935872249082384,0.021381112151442994
seen_failure_halt_hold,0.34400000000000003,0.05789618886704939,0.0691789372236172,0.021496904529177106
seen_failure_halt_hold,0.34600000000000003,0.058729991490971904,0.06900752938252587,0.0216143645121591
seen_failure_halt_hold,0.34800000000000003,0.05964812903798145,0.06884381981240749,0.02173366077023511
seen_failure_halt_hold,0.35000000000000003,0.060641341772488526,0.06868729369070482,0.02185494345378012
seen_failure_halt_hold,0.352,0.0617014128978528,0.06853760692954154,0.02197834627957583
seen_failure_halt_hold,0.354,0.06281708025949904,0.06839446284592263,0.022103980440094772
seen_failure_halt_hold,0.356,0.06398034631817642,0.0682576504586029,0.02223194113273117
seen_failure_halt_hold,0.358,0.06518586283259559,0.06812703459157733,0.022362312858396398
seen_failure_halt_hold,0.36,0.06642878143891709,0.06800257546342713,0.02249517042127422
seen_failure_halt_hold,0.362,0.06770470682630052,0.06788439272125589,0.022630579834926834
seen_failure_halt_hold,0.364,0.0684930970914886,0.06777622983108915,0.022767566029109766
seen_failure_halt_hold,0.366,0.06936784354936036,0.06767741349749591,0.022906301716208444
seen_failure_halt_hold,0.368,0.0703184823638225,0.0675875972772093,0.023046938680936147
seen_failure_halt_hold,0.37,0.07133822328862648,0.06750650423370218,0.023189615127513413
seen_failure_halt_hold,0.372,0.07242065063774308,0.0674339274376521,0.02333445642878887
seen_failure_halt_hold,0.374,0.07355972136718328,0.06736967691512166,0.023481575871523185
seen_failure_halt_hold,0.376,0.07474976578910908,0.06731388783994145,0.023631075403101408
seen_failure_halt_hold,0.378,0.07598548820808262,0.06726656843831451,0.023783046379517506
seen_failure_halt_hold,0.38,0.0772619659073657,0.06722764518773261,0.02393757031133223
seen_failure_halt_hold,0.382,0.07857321272722059,0.06719706009939873,0.024094716736786634
seen_failure_halt_hold,0.384,0.07940250257004111,0.06717385047689496,0.02425352174192669
seen_failure_halt_hold,0.386,0.08030970276501369,0.06715789667656058,0.024414141147456703
seen_failure_halt_hold,0.388,0.08128886211422558,0.06714914024459057,0.024576718871685152
seen_failure_halt_hold,0.39,0.08233416383859793,0.0671476100803778,0.02474138719936238
seen_failure_halt_hold,0.392,0.08343997656964698,0.06715326781138055,0.024908267152501672
seen_failure_halt_hold,0.394,0.08460089475442971,0.06716602850603885,0.025077468942010496
seen_failure_halt_hold,0.396,0.08581176976492577,0.06718574715557046,0.025249092481540388
seen_failure_halt_hold,0.398,0.08706826561167473,0.06721221755186296,0.02542322901276372
seen_failure_halt_hold,0.4,0.08836659651028195,0.06724511986230529,0.0255999622057843
seen_failure_halt_hold,0.402,0.0897020185847765,0.06728418251886431,0.02577936624295382
seen_failure_halt_hold,0.404,0.09065413069850471,0.06733014770404926,0.025960674504350814
seen_failure_halt_hold,0.406,0.0916422548617432,0.06738254782394651,0.026143959014074267
seen_failure_halt_hold,0.40800000000000003,0.0926711750180742,0.06744104506639773,0.026329301364110394
seen_failure_halt_hold,0.41000000000000003,0.09374672884572759,0.06750539040675463,0.026516794821801862
seen_failure_halt_hold,0.41200000000000003,0.0948659089190597,0.06757536095539626,0.02670652663963999
seen_failure_halt_hold,0.41400000000000003,0.09602580825654765,0.06765074445555186,0.026898578256153136
seen_failure_halt_hold,0.41600000000000004,0.09722602395732488,0.06773133578552028,0.027093030304067782
seen_failure_halt_hold,0.418,0.09846428163257251,0.06781693187452845,0.027289958867332903
seen_failure_halt_hold,0.42,0.09973728282785878,0.0679073297208859,0.027489433432988663
seen_failure_halt_hold,0.422,0.10104237338552284,0.06800230863127352,0.027691518179759792
seen_failure_halt_hold,0.424,0.10208902085115489,0.06810295483515555,0.027895696221462048
seen_failure_halt_hold,0.426,0.10314985853850296,0.06820884917852767,0.028101995938539022
seen_failure_halt_hold,0.428,0.10422487563796759,0.06831962077431368,0.028310445689814983
seen_failure_halt_hold,0.43,0.10531439103785244,0.06843493456229675,0.02852107447189063
seen_failure_halt_hold,0.432,0.10641975520037138,0.06855448534256346,0.028733913982291394
seen_failure_halt_hold,0.434,0.1075419514532221,0.06867799285467936,0.028948997885197888
seen_failure_halt_hold,0.436,0.10868183281658508,0.06880520000268346,0.029166361550831025
seen_failure_halt_hold,0.438,0.10984028206420939,0.06893586766479787,0.029386042114959498
seen_failure_halt_hold,0.44,0.11101813825565073,0.06906975739992592,0.02960807839147086
seen_failure_halt_hold,0.442,0.11221614191076147,0.06920669006670312,0.029832510675292353
seen_failure_halt_hold,0.444,0.11337482210114186,0.06934863522731831,0.030059260319494616
seen_failure_halt_hold,0.446,0.11448606173270005,0.06949506819278727,0.030288232442959962
seen_failure_halt_hold,0.448,0.1155530407787256,0.06964551945040706,0.030519338524517416
seen_failure_halt_hold,0.45,0.11658068363051714,0.06979957071476985,0.03075249989177839
seen_failure_halt_hold,0.452,0.11757513569360381,0.06995685192250002,0.030987650163165587
seen_failure_halt_hold,0.454,0.11854328015418675,0.07011703878729432,0.03122473672347395
seen_failure_halt_hold,0.456,0.11949232115290975,0.07027985058881542,0.031463721365779754
seen_failure_halt_hold,0.458,0.12042944347344686,0.07044504794542364,0.031704580252726704
seen_failure_halt_hold,0.46,0.12138710615390766,0.07061247967720495,0.03194735446503445
seen_failure_halt_hold,0.462,0.12234004803584039,0.07078197974451259,0.03219203456110608
seen_failure_halt_hold,0.464,0.12363288001560598,0.07095575240384099,0.032439300321137315
seen_failure_halt_hold,0.466,0.12476308792813173,0.07113308893978937,0.03268882649699363
seen_failure_halt_hold,0.468,0.1257412077543353,0.071313351554163,0.032940308912502256
seen_failure_halt_hold,0.47000000000000003,0.12658197891637643,0.07149596051365457,0.03319347287033505
seen_failure_halt_hold,0.47200000000000003,0.12730279173001485,0.07168039439095693,0.03344807845379503
seen_failure_halt_hold,0.47400000000000003,0.12792245662762722,0.07186619900347871,0.03370392336705027
seen_failure_halt_hold,0.47600000000000003,0.12846008384713337,0.07205299066614147,0.033960843534744545
seen_failure_halt_hold,0.47800000000000004,0.12893451879842327,0.07224045697556512,0.03421871257234143
seen_failure_halt_hold,0.48,0.12936376565299257,0.07242834002666992,0.034477440103647436
seen_failure_halt_hold,0.482,0.12976457885680423,0.07261642276037515,0.034736969261361
seen_failure_halt_hold,0.484,0.13119509269562735,0.07280805972685833,0.03499935944675225
seen_failure_halt_hold,0.486,0.1322716927585837,0.07300221068835454,0.03526390283226945
seen_failure_halt_hold,0.488,0.13301188391732885,0.07319790135361409,0.035529926600104095
seen_failure_halt_hold,0.49,0.13343500778092976,0.07339422558705128,0.03579679661566598
seen_failure_halt_hold,0.492,0.13358041696402312,0.0735903838642057,0.036063957449594
seen_failure_halt_hold,0.494,0.13348869575910918,0.07378568403322508,0.03633093484111225
seen_failure_halt_hold,0.496,0.13318604372250292,0.07397951071367644,0.03659730692855726
seen_failure_halt_hold,0.498,0.1327558372594323,0.07417143774537387,0.03686281860307618
seen_failure_halt_hold,0.5,0.1320724820214747,0.07436080823556995,0.03712696356711913
seen_failure_halt_hold,0.502,0.131338262764251,0.0745473882793791,0.037389640092647586
seen_failure_halt_hold,0.504,0.13259355426759323,0.07473640436324626,0.03765482720118272
seen_failure_halt_hold,0.506,0.1332948256281538,0.07492646090648146,0.037921416852439035
seen_failure_halt_hold,0.508,0.13345163076151081,0.0751162076510863,0.038188320113962115
seen_failure_halt_hold,0.51,0.13313562602983378,0.07530446477445059,0.03845459136602177
seen_failure_halt_hold,0.512,0.13240940764093417,0.07549020266991742,0.03871941018130366
seen_failure_halt_hold,0.514,0.13132465020234396,0.07567251802883213,0.038982059481708284
seen_failure_halt_hold,0.516,0.12994311101866657,0.07585063381390002,0.039241945703745604
seen_failure_halt_hold,0.518,0.12832665930698417,0.07602391614377414,0.039498599022359485
seen_failure_halt_hold,0.52,0.12653517678995715,0.07619188646741779,0.03975166937593932
seen_failure_halt_hold,0.522,0.12462506056579668,0.07635419431239009,0.04000091949707092
seen_failure_halt_hold,0.524,0.1258566651694757,0.07651820433956533,0.04025263282740989
seen_failure_halt_hold,0.526,0.12689370990214932,0.07668328178930384,0.040506420247214174
seen_failure_halt_hold,0.528,0.1278003807622418,0.07684894580461357,0.04076202100873869
seen_failure_halt_hold,0.53,0.12940536922570017,0.07701639646220808,0.041020831747190144
seen_failure_halt_hold,0.532,0.1311895758365563,0.07718581724720013,0.041283210898863255
seen_failure_halt_hold,0.534,0.13314052280746017,0.07735737931288765,0.04154949194447815
seen_failure_halt_hold,0.536,0.13529789678504858,0.07753131438062738,0.04182008773804828
seen_failure_halt_hold,0.538,0.1379076514934128,0.07770838412521149,0.04209590304103509
seen_failure_halt_hold,0.54,0.14083720921019,0.0778891227227849,0.04237757745945543
seen_failure_halt_hold,0.542,0.1441134707840853,0.0780741311637627,0.04266580440102354
seen_failure_halt_hold,0.544,0.14265092225952056,0.07825503105183737,0.04295110624554256
seen_failure_halt_hold,0.546,0.14149873626645423,0.07843222669071434,0.043234103718075505
seen_failure_halt_hold,0.548,0.14057025425990438,0.07860597096723622,0.04351524422659537
seen_failure_halt_hold,0.55,0.13977592542580555,0.07877635790588958,0.043794796077446976
seen_failure_halt_hold,0.552,0.13906064202579752,0.07894338978652293,0.044072917361498556
seen_failure_halt_hold,0.554,0.13839868027708005,0.07910703454372786,0.04434971472205279
seen_failure_halt_hold,0.556,0.13775151300361912,0.07926719863845234,0.044625217748060074
seen_failure_halt_hold,0.558,0.13701105351452325,0.07942358655187837,0.04489923985508917
seen_failure_halt_hold,0.56,0.13625953294045323,0.07957608010748352,0.04517175892097006
seen_failure_halt_hold,0.562,0.13548798705619977,0.07972455484107578,0.04544273489508251
seen_failure_halt_hold,0.5640000000000001,0.1320444167027642,0.07986466311074948,0.04570682372848801
seen_failure_halt_hold,0.5660000000000001,0.1286449318496158,0.07999630910918444,0.045964113592187286
seen_failure_halt_hold,0.5680000000000001,0.12524365857091108,0.08011932226271029,0.046214600909329114
seen_failure_halt_hold,0.5700000000000001,0.1218110206884305,0.08023348863068744,0.046458222950705945
seen_failure_halt_hold,0.5720000000000001,0.1183083555705866,0.08033853160490438,0.04669483966184714
seen_failure_halt_hold,0.5740000000000001,0.11473731903596908,0.08043419147231558,0.046924314299919063
seen_failure_halt_hold,0.5760000000000001,0.11110580353733789,0.08052023685964402,0.04714652590699373
seen_failure_halt_hold,0.578,0.10742606623290601,0.08059647247587497,0.0473613780394596
seen_failure_halt_hold,0.58,0.10370478773364974,0.08066272701284463,0.04756878761492687
seen_failure_halt_hold,0.582,0.09992553477616542,0.08071880601211419,0.047768638684479205
seen_failure_halt_hold,0.584,0.09858537230086652,0.08077044513378626,0.04796580942908098
seen_failure_halt_hold,0.586,0.0970447275092496,0.08081711259314883,0.04815989888409946
seen_failure_halt_hold,0.588,0.09531539877965169,0.08085830111965019,0.048350529681658795
seen_failure_halt_hold,0.59,0.09339476363223002,0.08089349952013733,0.04853731920892326
seen_failure_halt_hold,0.592,0.0913421344747384,0.08092232280743034,0.0487200034778727
seen_failure_halt_hold,0.594,0.08920089820077415,0.08094448199406415,0.04889840527427425
seen_failure_halt_hold,0.596,0.0869672455025615,0.0809596896139617,0.049072339765279346
seen_failure_halt_hold,0.598,0.08469694620885884,0.08096777840679023,0.04924173365769709
seen_failure_halt_hold,0.6,0.08241826191762372,0.08096864632183592,0.04940657018153236
seen_failure_halt_hold,0.602,0.08015247772479701,0.08096224896077588,0.04956687513698197
seen_failure_halt_hold,0.604,0.07870262549441392,0.08095083789057339,0.04972428038797072
seen_failure_halt_hold,0.606,0.0771614672812563,0.0809341636629431,0.04987860332253325
seen_failure_halt_hold,0.608,0.07553278912685986,0.0809119868315093,0.05002966890078694
seen_failure_halt_hold,0.61,0.07385474186039595,0.08088414649272367,0.050177378384507754
seen_failure_halt_hold,0.612,0.0721421917806577,0.08085051354863079,0.0503216627680691
seen_failure_halt_hold,0.614,0.07044272282182865,0.08081105601603755,0.0504625482137127
seen_failure_halt_hold,0.616,0.06874225967438014,0.08076571562816279,0.05060003273306152
seen_failure_halt_hold,0.618,0.06705330880746238,0.08071446095944472,0.050734139350676444
seen_failure_halt_hold,0.62,0.06538868244353714,0.08065729205354771,0.05086491671556352
seen_failure_halt_hold,0.622,0.06375909470719184,0.08059422506783266,0.05099243490497793
seen_failure_halt_hold,0.624,0.0626109611906301,0.08052625578579287,0.05111765682735918
seen_failure_halt_hold,0.626,0.06143240187569075,0.0804533756273795,0.051240521631110564
seen_failure_halt_hold,0.628,0.060231089248988394,0.08037558303302976,0.05136098380960852
seen_failure_halt_hold,0.63,0.0590167201699662,0.08029288661598694,0.05147901724994851
seen_failure_halt_hold,0.632,0.05782150739561595,0.08020535014054792,0.0515946602647397
seen_failure_halt_hold,0.634,0.05664417885201031,0.08011302907847104,0.05170794862244375
seen_failure_halt_hold,0.636,0.05548399989084974,0.08001597108226391,0.05181891662222539
seen_failure_halt_hold,0.638,0.054349193648312616,0.07991423144149275,0.05192761500952194
seen_failure_halt_hold,0.64,0.053246513811394745,0.0798078709178619,0.05203410803714476
seen_failure_halt_hold,0.642,0.052181124199475674,0.07969695301650229,0.052138470285543796
seen_failure_halt_hold,0.644,0.05098052088755548,0.07958065512368281,0.052240431327318995
seen_failure_halt_hold,0.646,0.049791466500054324,0.07945922660332885,0.05234001426031916
seen_failure_halt_hold,0.648,0.04861341452152549,0.07933289162553887,0.052437241089362235
seen_failure_halt_hold,0.65,0.04744827519067605,0.07920185146315432,0.05253213763974351
seen_failure_halt_hold,0.652,0.04630332377320261,0.07906629627489463,0.05262474428728989
seen_failure_halt_hold,0.654,0.04519087623667025,0.07892641518656614,0.05271512603976325
seen_failure_halt_hold,0.656,0.044087518830597694,0.07878232548023575,0.052803301077424536
seen_failure_halt_hold,0.658,0.042999195868627126,0.07863413248241888,0.0528892994691618
seen_failure_halt_hold,0.66,0.04192770954485998,0.07848192284866172,0.05297315488825153
seen_failure_halt_hold,0.662,0.04087976696195321,0.07832577621989704,0.053054914422175546
seen_failure_halt_hold,0.664,0.039789147386068736,0.07816409008973112,0.0531344927169477
seen_failure_halt_hold,0.666,0.038724340287040436,0.07799737001580763,0.053211941397521875
seen_failure_halt_hold,0.668,0.03768530536839443,0.07782608544220439,0.05328731200825872
seen_failure_halt_hold,0.67,0.03667337348182923,0.07765068671747825,0.05336065875522237
seen_failure_halt_hold,0.672,0.035691753134885935,0.07747158073749834,0.05343204226149228
seen_failure_halt_hold,0.674,0.034743600675982804,0.07728912980920355,0.05350152946284409
seen_failure_halt_hold,0.676,0.03383178606737915,0.07710365160169504,0.05356919303497896
seen_failure_halt_hold,0.678,0.032958746121233465,0.07691542002499685,0.05363511052722158
seen_failure_halt_hold,0.68,0.03212640877364501,0.0767246668843876,0.05369936334476864
seen_failure_halt_hold,0.682,0.03133617340149769,0.07653150275468656,0.05376203569157153
seen_failure_halt_hold,0.684,0.03040009530352303,0.07633225740730755,0.053822835882178795
seen_failure_halt_hold,0.686,0.029500732972130593,0.07612800274162101,0.05388183734812318
seen_failure_halt_hold,0.6880000000000001,0.028640329680771993,0.07591973643343602,0.05393911800748472
seen_failure_halt_hold,0.6900000000000001,0.027821302364392765,0.07570837816942068,0.05399476061221325
seen_failure_halt_hold,0.6920000000000001,0.02704607837572925,0.07549491730719655,0.054048852768964935
seen_failure_halt_hold,0.6940000000000001,0.02631697864786682,0.07528004864728868,0.05410148672626084
seen_failure_halt_hold,0.6960000000000001,0.02563614217801897,0.07506435067283573,0.05415275901061692
seen_failure_halt_hold,0.6980000000000001,0.02500548515272471,0.07484831522946374,0.05420276998092203
seen_failure_halt_hold,0.7000000000000001,0.024426687425852307,0.07463226114995197,0.05425162335577376
seen_failure_halt_hold,0.7020000000000001,0.02390119904793829,0.07441651818433442,0.054299425753869986
seen_failure_halt_hold,0.704,0.023387844570906945,0.07419566141911241,0.05434620144301144
seen_failure_halt_hold,0.706,0.022921584620098787,0.07397130722974037,0.05439204461225165
seen_failure_halt_hold,0.708,0.022505496932849204,0.07374494414256418,0.054437055606117314
seen_failure_halt_hold,0.71,0.02214251053513547,0.0735178300592608,0.054481340627187805
seen_failure_halt_hold,0.712,0.02183535893757571,0.07329112929923175,0.05452501134506258
seen_failure_halt_hold,0.714,0.02158652409480596,0.07306585732249116,0.05456818439325206
seen_failure_halt_hold,0.716,0.02139817900978261,0.07284288214507753,0.054610980751271715
seen_failure_halt_hold,0.718,0.021272134420025467,0.07262292929655162,0.05465352502011152
seen_failure_halt_hold,0.72,0.021213847822257704,0.07240659740546905,0.05469595271575635
seen_failure_halt_hold,0.722,0.02121772470688099,0.07219434620665977,0.054738388165170154
seen_failure_halt_hold,0.724,0.02129321437887906,0.07198077668124306,0.05478097459392758
seen_failure_halt_hold,0.726,0.021406255415520214,0.07176634850925119,0.05482378710475897
seen_failure_halt_hold,0.728,0.021558986896527778,0.07155136521032053,0.05486690507855244
seen_failure_halt_hold,0.73,0.021754913101450984,0.07133630119410463,0.054910414904755726
seen_failure_halt_hold,0.732,0.021925941674398798,0.07112039004373154,0.05495426678810486
seen_failure_halt_hold,0.734,0.022112559363164558,0.07090306308651674,0.05499849190683137
seen_failure_halt_hold,0.736,0.022361290474423715,0.0706839572633962,0.055043214487779865
seen_failure_halt_hold,0.738,0.022672030968517505,0.07046212026163505,0.05508855854971724
seen_failure_halt_hold,0.74,0.02304520159809894,0.07023660729620947,0.05513464895291313
seen_failure_halt_hold,0.742,0.02348073532949363,0.07000674563318911,0.05518161042357245
seen_failure_halt_hold,0.744,0.024047157539194577,0.06978285815238951,0.05522970473865048
seen_failure_halt_hold,0.746,0.024620342261408898,0.06956399823234165,0.055278945423173624
seen_failure_halt_hold,0.748,0.02520391414731351,0.06934954074025083,0.055329353251468
seen_failure_halt_hold,0.75,0.025801834476147527,0.06913903558707116,0.055380956920420464
seen_failure_halt_hold,0.752,0.02641818181552903,0.06893218910973523,0.05543379328405178
seen_failure_halt_hold,0.754,0.027056980005602593,0.06872881228319244,0.05548790724406312
seen_failure_halt_hold,0.756,0.027722060478935447,0.06852878509584512,0.0555433513650211
seen_failure_halt_hold,0.758,0.028416951996609877,0.06833213353961157,0.05560018526901396
seen_failure_halt_hold,0.76,0.02914479423133669,0.0681388130972109,0.05565847485747667
seen_failure_halt_hold,0.762,0.029908273311916134,0.06794880015473898,0.05571829140410075
seen_failure_halt_hold,0.764,0.03072047182087816,0.06776845935192555,0.055779732347742805
seen_failure_halt_hold,0.766,0.03151861566298672,0.06759718993853778,0.055842769579068655
seen_failure_halt_hold,0.768,0.0323077152130476,0.06743461541159504,0.05590738500949467
seen_failure_halt_hold,0.77,0.03309373939501806,0.06728051160094173,0.05597357248828449
seen_failure_halt_hold,0.772,0.033883092077241724,0.06713475330067065,0.05604133867243873
seen_failure_halt_hold,0.774,0.034682234854192105,0.06699726485706825,0.056110703142147084
seen_failure_halt_hold,0.776,0.035497410136279516,0.0668679757099948,0.05618169796241944
seen_failure_halt_hold,0.778,0.03633443663421575,0.06674684123971875,0.05625436683568789
seen_failure_halt_hold,0.78,0.037197451431441875,0.06663382572929497,0.056328761738551024
seen_failure_halt_hold,0.782,0.038088291549514985,0.06652897793804932,0.05640493832165021
seen_failure_halt_hold,0.784,0.03907997254799872,0.06642941510176507,0.056483098266746
seen_failure_halt_hold,0.786,0.0400270463270032,0.0663350783929201,0.056563152359400154
seen_failure_halt_hold,0.788,0.04093612090748797,0.06624593698480619,0.056645024601215115
seen_failure_halt_hold,0.79,0.04181520613676786,0.06616197425251841,0.05672865501348851
seen_failure_halt_hold,0.792,0.04267215632383451,0.06608326507226141,0.056813999326136365
seen_failure_halt_hold,0.794,0.04351778937220218,0.06600974432676152,0.0569010349048806
seen_failure_halt_hold,0.796,0.04436277697603714,0.06594134780943438,0.05698976045883268
seen_failure_halt_hold,0.798,0.04521723027261271,0.06587802504965869,0.057080194919377915
seen_failure_halt_hold,0.8,0.046100790515626475,0.06581973533141584,0.057172396500409256
seen_failure_halt_hold,0.802,0.04701205470965016,0.0657664312222063,0.05726642060982843
seen_failure_halt_hold,0.804,0.048106491319456865,0.06571855031933826,0.05736263359246727
seen_failure_halt_hold,0.806,0.0491242348905174,0.06567581838272155,0.05746088206224842
seen_failure_halt_hold,0.808,0.05007261569290271,0.06563799806348258,0.05756102729363415
seen_failure_halt_hold,0.81,0.050964009038100166,0.06560488376496712,0.05766295531171031
seen_failure_halt_hold,0.812,0.051813084004977486,0.06557629702070329,0.057766581479720185
seen_failure_halt_hold,0.8140000000000001,0.05263550210411349,0.06555202447253822,0.05787185248392824
seen_failure_halt_hold,0.8160000000000001,0.05344865719203235,0.06553193941721823,0.05797874979831222
seen_failure_halt_hold,0.8180000000000001,0.05427373809910015,0.06551596926082996,0.05808729727451059
seen_failure_halt_hold,0.8200000000000001,0.055122958988708566,0.06550408813069,0.05819754319248817
seen_failure_halt_hold,0.8220000000000001,0.05600239876005273,0.0654962632662869,0.05830954799000828
seen_failure_halt_hold,0.8240000000000001,0.05721828053819474,0.06549328534328028,0.05842398455108463
seen_failure_halt_hold,0.8260000000000001,0.05833220732657615,0.06549481557810771,0.05854064896573784
seen_failure_halt_hold,0.8280000000000001,0.05935160719598044,0.06550054489316406,0.058659352180129624
seen_failure_halt_hold,0.8300000000000001,0.06029092370253003,0.06551021634465978,0.05877993402753451
seen_failure_halt_hold,0.8320000000000001,0.06116868662524358,0.06552358887678233,0.05890227140078506
seen_failure_halt_hold,0.834,0.06200536096617895,0.06554048315118574,0.059026282122717544
seen_failure_halt_hold,0.836,0.0628217624239743,0.06556076356576365,0.05915192564756564
seen_failure_halt_hold,0.838,0.06364378571135516,0.0655843391652349,0.05927921321898828
seen_failure_halt_hold,0.84,0.06448039560728429,0.06561112566183488,0.05940817401020277
seen_failure_halt_hold,0.842,0.06534861211116204,0.06564107589270794,0.05953887123442511
seen_failure_halt_hold,0.844,0.06665377603874549,0.06567605930094446,0.059672178786502716
seen_failure_halt_hold,0.846,0.06784110544265272,0.06571570910408712,0.05980786099738799
seen_failure_halt_hold,0.848,0.06892719914356701,0.06575970221826341,0.05994571539567499
seen_failure_halt_hold,0.85,0.06991254523919994,0.06580772218149883,0.06008554048615329
seen_failure_halt_hold,0.852,0.0708150212194131,0.06585947458611753,0.06022717052859207
seen_failure_halt_hold,0.854,0.07166021748197471,0.06591472220576276,0.060370490963555894
seen_failure_halt_hold,0.856,0.07247446104137188,0.06597331949923432,0.060515439885638574
seen_failure_halt_hold,0.858,0.07328907869695896,0.06603517967959383,0.06066201804303263
seen_failure_halt_hold,0.86,0.07411928707261388,0.06610024361056635,0.060810256617177746
seen_failure_halt_hold,0.862,0.07498472890625857,0.06616848604156035,0.06096022607499028
seen_failure_halt_hold,0.864,0.07637180390845692,0.06624151601511948,0.0611129696828071
seen_failure_halt_hold,0.866,0.07760653722854109,0.06631888289238225,0.06126818275726423
seen_failure_halt_hold,0.868,0.07868850137517658,0.06640014174091244,0.06142555976001446
seen_failure_halt_hold,0.87,0.0796392482988692,0.06648489575372907,0.06158483825661227
seen_failure_halt_hold,0.872,0.08050674181895233,0.06657284817016111,0.06174585174025024
seen_failure_halt_hold,0.874,0.08129456494797312,0.06666371308636247,0.061908440870146186
seen_failure_halt_hold,0.876,0.08203659016937795,0.06675727593581313,0.06207251405048496
seen_failure_halt_hold,0.878,0.08276760396678629,0.06685339542378574,0.06223804925841843
seen_failure_halt_hold,0.88,0.08350989906268291,0.06695197874953154,0.06240506905654387
seen_failure_halt_hold,0.882,0.08428828615962104,0.06705298183382086,0.06257364562886317
seen_failure_halt_hold,0.884,0.08565096819099932,0.06715804064240175,0.06274494756524515
seen_failure_halt_hold,0.886,0.08680865154954323,0.0672666177744981,0.06291856486834418
seen_failure_halt_hold,0.888,0.08775589389929256,0.06737816834338899,0.06309407665614263
seen_failure_halt_hold,0.89,0.08850946218121894,0.06749218385483464,0.06327109558050496
seen_failure_halt_hold,0.892,0.08910186648598904,0.06760822337867196,0.06344929931347704
seen_failure_halt_hold,0.894,0.08957599781822728,0.06772593415599232,0.06362845130911347
seen_failure_halt_hold,0.896,0.09000064562875366,0.06784510334519822,0.06380845260037099
seen_failure_halt_hold,0.898,0.09039019172708104,0.06796554921430528,0.06398923298382526
seen_failure_halt_hold,0.9,0.09077898247520731,0.06808716110177586,0.06417079094877579
seen_failure_halt_hold,0.902,0.09119529267234477,0.06820988730544116,0.06435318153412055
seen_failure_halt_hold,0.904,0.09219339165558575,0.0683349316123186,0.06453756831743171
seen_failure_halt_hold,0.906,0.09285865617308571,0.06846152675677572,0.06472328562977789
seen_failure_halt_hold,0.908,0.09318146315099252,0.06858888638832343,0.06490964855607984
seen_failure_halt_hold,0.91,0.09319949297326746,0.0687162942836908,0.06509604754202626
seen_failure_halt_hold,0.912,0.09297607900593684,0.0688431707412095,0.06528199970003816
seen_failure_halt_hold,0.914,0.09256632383131577,0.06896904721864626,0.06546713234770067
seen_failure_halt_hold,0.916,0.09202770652438422,0.06909357119384806,0.06565118776074932
seen_failure_halt_hold,0.918,0.09141590296886012,0.06921650265216858,0.06583401956668697
seen_failure_halt_hold,0.92,0.09078194884037814,0.06933770489510316,0.0660155834643677
seen_failure_halt_hold,0.922,0.09017206953454615,0.06945713501007487,0.06619592760343679
seen_failure_halt_hold,0.924,0.08916984976302589,0.06957393499909165,0.06637426730296275
seen_failure_halt_hold,0.926,0.08776302247411796,0.06968725436718012,0.06654979334791099
seen_failure_halt_hold,0.928,0.08598087178785833,0.06979629852203605,0.06672175509148666
seen_failure_halt_hold,0.93,0.0854332954102756,0.06990348973922218,0.06689262168230715
seen_failure_halt_hold,0.932,0.0850952026601991,0.0700091970347194,0.06706281208762752
seen_failure_halt_hold,0.934,0.08489636934450814,0.07011364585179804,0.06723260482631656
seen_failure_halt_hold,0.936,0.08637106929717495,0.07022012710892002,0.06740534696491092
seen_failure_halt_hold,0.9380000000000001,0.08822410325190025,0.07032933839593587,0.06758179517141474
seen_failure_halt_hold,0.9400000000000001,0.0903032831191593,0.07044167022075762,0.0677624017376531
seen_failure_halt_hold,0.9420000000000001,0.09254480612594175,0.07055738307624855,0.06794749134990494
seen_failure_halt_hold,0.9440000000000001,0.09286367916125847,0.07067261045980743,0.06813321870822743
seen_failure_halt_hold,0.9460000000000001,0.09455607598106751,0.07079009982243525,0.06832233086018957
seen_failure_halt_hold,0.9480000000000001,0.0964912995535786,0.070910329387339,0.0685153134592967
seen_failure_halt_hold,0.9500000000000001,0.09848413979974786,0.07103339846120361,0.06871228173889614
seen_failure_halt_hold,0.9520000000000001,0.10034991627962934,0.07115903239376112,0.06891298157145542
seen_failure_halt_hold,0.9540000000000001,0.1021158658222946,0.07128700139049039,0.06911721330310008
seen_failure_halt_hold,0.9560000000000001,0.10379882753655609,0.07141709872129895,0.06932481095817315
seen_failure_halt_hold,0.9580000000000001,0.10540174938859952,0.07154911438541663,0.06953561445695043
seen_failure_halt_hold,0.96,0.10691900354337029,0.07168282304886561,0.06974945246403716
seen_failure_halt_hold,0.962,0.10834641471610329,0.07181798796064166,0.06996614529346933
seen_failure_halt_hold,0.964,0.10457394081666234,0.07194399257334672,0.0701752931751027
seen_failure_halt_hold,0.966,0.10104663703533728,0.07206137476707858,0.07037738644917331
seen_failure_halt_hold,0.968,0.09753464365325203,0.07217020111608254,0.07057245573647986
seen_failure_halt_hold,0.97,0.09401901886059451,0.07227048730110325,0.07076049377420099
seen_failure_halt_hold,0.972,0.09038944976263215,0.07236201479921837,0.07094127267372626
seen_failure_halt_hold,0.974,0.08661681541026138,0.07244449429632707,0.07111450630454676
seen_failure_halt_hold,0.976,0.08265285790296192,0.07251753328877374,0.07127981202035268
seen_failure_halt_hold,0.978,0.07852477815987981,0.07258078115319164,0.07143686157667244
seen_failure_halt_hold,0.98,0.07426292383636866,0.07263393658682911,0.07158538742434514
seen_failure_halt_hold,0.982,0.06989821356679764,0.0726767500406615,0.07172518385147873
seen_failure_halt_hold,0.984,0.06962085601697317,0.07271701086968188,0.07186442556351275
seen_failure_halt_hold,0.986,0.06864867609246156,0.07275346038972942,0.07200172291569759
seen_failure_halt_hold,0.988,0.06705981607627945,0.07278497602950758,0.07213584254785019
seen_failure_halt_hold,0.99,0.06492932257716469,0.07281056297369906,0.07226570119300452
seen_failure_halt_hold,0.992,0.062325670154628816,0.07282934013548634,0.07239035253331376
seen_failure_halt_hold,0.994,0.05940580147793298,0.0728407179672737,0.07250916413626964
seen_failure_halt_hold,0.996,0.05627188663261311,0.07284428952661795,0.07262170790953489
seen_failure_halt_hold,0.998,0.053029051577106925,0.0728398364647149,0.07272776601268904
seen_failure_halt_hold,1.0,0.049789271700438474,0.07282734455609144,0.07282734455608993
seen_failure_halt_hold,1.002,0.046692877078198365,0.07280706253875767,0.07292073031024632
seen_failure_halt_hold,1.004,0.0448391644647221,0.07278082710821683,0.07301040863917571
seen_failure_halt_hold,1.006,0.04282210816174838,0.07274850879290749,0.07309605285549921
seen_failure_halt_hold,1.008,0.04060654811938741,0.07270988155279821,0.073177265951738
seen_failure_halt_hold,1.01,0.03817285282005822,0.07266465035275436,0.07325361165737818
seen_failure_halt_hold,1.012,0.03555621027176228,0.07261255802368556,0.07332472407792172
seen_failure_halt_hold,1.014,0.03280186948290052,0.07255340452154659,0.07339032781688754
seen_failure_halt_hold,1.016,0.029963212652128385,0.07248706378131263,0.07345025424219175
seen_failure_halt_hold,1.018,0.027092716348784126,0.07241348358622715,0.0735044396748893
seen_failure_halt_hold,1.02,0.02421315551078252,0.0723326286530516,0.0735528659859109
seen_failure_halt_hold,1.022,0.021375503379050424,0.07224451644869871,0.07359561699266895
seen_failure_halt_hold,1.024,0.019958059933830354,0.0721509883035125,0.07363553311253658
seen_failure_halt_hold,1.026,0.018417527678367414,0.07205206786415329,0.07367236816789333
seen_failure_halt_hold,1.028,0.016746942772483682,0.07194773719882899,0.07370586205343833
seen_failure_halt_hold,1.03,0.014968737339354408,0.07183798569793957,0.07373579952811699
seen_failure_halt_hold,1.032,0.013133437197248255,0.07172286083593858,0.0737620664025115
seen_failure_halt_hold,1.034,0.011304392059841436,0.07160249170825404,0.0737846751866312
seen_failure_halt_hold,1.036,0.009577645841386838,0.07147715477636067,0.07380383047831393
seen_failure_halt_hold,1.038,0.008157931896316044,0.07134749343001327,0.07382014634210639
seen_failure_halt_hold,1.04,0.0072220731925384555,0.07121444532718771,0.0738345904884916
seen_failure_halt_hold,1.042,0.00701615015350856,0.0710794302535842,0.0738486227887985
seen_failure_halt_hold,1.044,0.005656138825297118,0.07093882561578914,0.07385993506644947
seen_failure_halt_hold,1.046,0.004688220353883517,0.07079372062070417,0.07386931150715725
seen_failure_halt_hold,1.048,0.004239822939811878,0.07064545105236134,0.07387779115303682
seen_failure_halt_hold,1.05,0.00442203042837169,0.07049554709240714,0.07388663521389366
seen_failure_halt_hold,1.052,0.005170025075366129,0.07034535635292155,0.07389697526404469
seen_failure_halt_hold,1.054,0.006289229649096715,0.07019578048228504,0.07390955372334268
seen_failure_halt_hold,1.056,0.0075978789372481495,0.07004730071893214,0.07392474948121736
seen_failure_halt_hold,1.058,0.009080552697894241,0.06990031327100439,0.07394291058661297
seen_failure_halt_hold,1.06,0.010661870061203019,0.06975499799440854,0.07396423432673543
seen_failure_halt_hold,1.062,0.012306961976752857,0.06961144158385879,0.07398884825068895
seen_failure_halt_hold,1.064,0.01278567947498895,0.06946574032071083,0.07401441960963896
seen_failure_halt_hold,1.066,0.013553270716577802,0.06931888917808127,0.07404152615107215
seen_failure_halt_hold,1.068,0.014519887161527273,0.06917168107209068,0.07407056592539511
seen_failure_halt_hold,1.07,0.01562990827973235,0.06902470932187689,0.07410182574195469
seen_failure_halt_hold,1.072,0.016845708745847652,0.06887844610284759,0.07413551715944641
seen_failure_halt_hold,1.074,0.018138896686302357,0.06873326112195717,0.07417179495281899
seen_failure_halt_hold,1.076,0.01948036191908924,0.06858939227893784,0.07421075567665715
seen_failure_halt_hold,1.078,0.020860288148598194,0.06844699287705185,0.07425247625295428
seen_failure_halt_hold,1.08,0.022277862840964505,0.06830613965071612,0.07429703197863627
seen_failure_halt_hold,1.082,0.02372694786586337,0.06816685971754097,0.07434448587436798
seen_failure_halt_hold,1.084,0.02433285909669884,0.06802566454432588,0.07439315159256134
seen_failure_halt_hold,1.086,0.025098613814817868,0.06788342234627315,0.07444334882019095
seen_failure_halt_hold,1.088,0.02598895557065537,0.06774091254762009,0.07449532673133226
seen_failure_halt_hold,1.09,0.02697755807531359,0.06759880909086313,0.07454928184748282
seen_failure_halt_hold,1.092,0.028044869862947172,0.06745766851229075,0.07460537158720877
seen_failure_halt_hold,1.094,0.029176282355687075,0.06731792016141919,0.07466372415192013
seen_failure_halt_hold,1.096,0.030360708980631933,0.0671798325564144,0.07472444556988134
seen_failure_halt_hold,1.098,0.03158694894160024,0.06704361927418065,0.07478761946776454
seen_failure_halt_hold,1.1,0.032845181933652115,0.06690938134729299,0.07485330983163185
seen_failure_halt_hold,1.102,0.03412999468735961,0.06677715279471289,0.07492156982100658
seen_failure_halt_hold,1.104,0.03476202018179912,0.06664381145049347,0.0749910938613702
seen_failure_halt_hold,1.106,0.03551925622809907,0.06651042685296439,0.0750621323738264
seen_failure_halt_hold,1.108,0.03637845447034982,0.0663780122310768,0.07513488928276713
seen_failure_halt_hold,1.11,0.037321596057178844,0.0662474472907539,0.07520953247488146
seen_failure_halt_hold,1.112,0.03833469626898888,0.06611943908695127,0.07528620186741948
seen_failure_halt_hold,1.114,0.03940683667766939,0.06599455185324626,0.07536501554077481
seen_failure_halt_hold,1.116,0.04052940992075406,0.06587320952466669,0.07544607436061633
seen_failure_halt_hold,1.118,0.04169554180440097,0.06575570407053284,0.07552946544422513
seen_failure_halt_hold,1.12,0.04289965489048584,0.06564220782667657,0.07561526475400614
seen_failure_halt_hold,1.122,0.044132008293103646,0.06553277810425905,0.0757035287705924
seen_failure_halt_hold,1.124,0.04481769966244056,0.06542659465965263,0.07579316416991726
seen_failure_halt_hold,1.1260000000000001,0.04563678692327659,0.06532485348866016,0.07588443774376379
seen_failure_halt_hold,1.1280000000000001,0.04654843224248567,0.06522616444206836,0.0759775346082487
seen_failure_halt_hold,1.1300000000000001,0.047540255818461254,0.06513030353167905,0.0760726151198856
seen_failure_halt_hold,1.1320000000000001,0.04860193571530422,0.06503723764753419,0.07616981899131617
seen_failure_halt_hold,1.1340000000000001,0.04972477468381896,0.06494422486775715,0.07626926854068383
seen_failure_halt_hold,1.1360000000000001,0.05090124872572241,0.06485059039589719,0.07637107103813531
seen_failure_halt_hold,1.1380000000000001,0.052122990637874345,0.06475586338485283,0.07647531701941111
seen_failure_halt_hold,1.1400000000000001,0.053378541076900606,0.06465972720229607,0.07658207410156491
seen_failure_halt_hold,1.1420000000000001,0.05466393033506857,0.06456193198957726,0.07669140196223503
seen_failure_halt_hold,1.1440000000000001,0.05536768190945941,0.06446623321465066,0.076802137326054
seen_failure_halt_hold,1.1460000000000001,0.05617309446475334,0.06437096396715795,0.07691448351498349
seen_failure_halt_hold,1.1480000000000001,0.05706885292239443,0.06427583563864207,0.07702862122082826
seen_failure_halt_hold,1.1500000000000001,0.05804505056020853,0.0641807747536761,0.07714471132194872
seen_failure_halt_hold,1.1520000000000001,0.05909824451447983,0.0640858472569394,0.07726290781097768
seen_failure_halt_hold,1.154,0.06021930977511265,0.06399138198429272,0.07738334643052787
seen_failure_halt_hold,1.156,0.06139664856217271,0.06389756643853808,0.07750613972765223
seen_failure_halt_hold,1.158,0.06262321313335868,0.06380461105592118,0.077631386153919
seen_failure_halt_hold,1.16,0.06389266808038604,0.06371273599529574,0.07775917149007978
seen_failure_halt_hold,1.162,0.06519626128009298,0.06362215874750117,0.07788956401263997
seen_failure_halt_hold,1.164,0.06600573386738319,0.06354024180324418,0.07802157548037471
seen_failure_halt_hold,1.166,0.06690629832308627,0.06346674150904975,0.07815538807702085
seen_failure_halt_hold,1.168,0.06788475790194909,0.06340127328010639,0.0782911575928247
seen_failure_halt_hold,1.17,0.06893307138415927,0.06334438789530247,0.07842902373559303
seen_failure_halt_hold,1.172,0.07004459170957057,0.06329665455205438,0.07856911291901215
seen_failure_halt_hold,1.174,0.07121335561243476,0.06325861758071773,0.07871153963023704
seen_failure_halt_hold,1.176,0.07243333129505278,0.06323076954289081,0.07885640629282717
seen_failure_halt_hold,1.178,0.07369892085810165,0.06321353752659484,0.07900380413454339
seen_failure_halt_hold,1.18,0.07500495014642558,0.06320727748952554,0.07915381403483619
seen_failure_halt_hold,1.182,0.07634665804057815,0.06321227373949066,0.0793065073509174
seen_failure_halt_hold,1.184,0.07717150831852673,0.06322049508056382,0.07946085036755442
seen_failure_halt_hold,1.186,0.07807662596347756,0.06323327932575826,0.07961700361948143
seen_failure_halt_hold,1.188,0.07905553777425114,0.06325186091970633,0.07977511469502996
seen_failure_halt_hold,1.19,0.0801019693703136,0.06327734826005026,0.07993531863377056
seen_failure_halt_hold,1.192,0.08120989346456398,0.06331065921625019,0.0800977384206997
seen_failure_halt_hold,1.194,0.0823735667668143,0.06335249925909714,0.08026248555423333
seen_failure_halt_hold,1.196,0.08358755696120117,0.06340334160280602,0.0804296606681557
seen_failure_halt_hold,1.198,0.08484968294814428,0.06346345994364874,0.08059936003405198
seen_failure_halt_hold,1.2,0.08615636028022157,0.06353292082381022,0.08077167275461247
seen_failure_halt_hold,1.202,0.08750278505178033,0.06361152024053507,0.08094667832471597
seen_failure_halt_hold,1.204,0.08844944420026182,0.0636961139276901,0.08112357721311649
seen_failure_halt_hold,1.206,0.08944753502043279,0.06378709305500657,0.08130247228315739
seen_failure_halt_hold,1.208,0.09049394456154645,0.06388491837957487,0.08148346017228053
seen_failure_halt_hold,1.21,0.09158546688904717,0.06399005908418938,0.08166663110605858
seen_failure_halt_hold,1.212,0.09271492774397512,0.064102883207921,0.08185206096154651
seen_failure_halt_hold,1.214,0.0938828642174777,0.06422368972405791,0.08203982668998143
seen_failure_halt_hold,1.216,0.09508614880323679,0.06435265726227048,0.0822299989875879
seen_failure_halt_hold,1.218,0.09632592980267696,0.06448986353519671,0.08242265084719327
seen_failure_halt_hold,1.22,0.09759939134820508,0.06463532964250715,0.0826178496298897
seen_failure_halt_hold,1.222,0.09890390207017351,0.06478895829213296,0.08281565743403009
seen_failure_halt_hold,1.224,0.09998934815352847,0.06494811440452776,0.0830156361303371
seen_failure_halt_hold,1.226,0.10108328840282566,0.06511296841772422,0.08321780270714278
seen_failure_halt_hold,1.228,0.10218622985462333,0.06528367310651173,0.083422175166852
seen_failure_halt_hold,1.23,0.10329884811572246,0.06546031183826277,0.08362877286308344
seen_failure_halt_hold,1.232,0.1044235996309804,0.06564287498129723,0.08383762006234545
seen_failure_halt_hold,1.234,0.10556201663679168,0.06583119811443011,0.08404874409561901
seen_failure_halt_hold,1.236,0.10671504972411694,0.06602483506193028,0.08426217419506721
seen_failure_halt_hold,1.238,0.10788368312401163,0.06622296648985007,0.08447794156131525
seen_failure_halt_hold,1.24,0.1090634466302536,0.06642442148581394,0.08469606845457579
seen_failure_halt_hold,1.242,0.11025498532902404,0.06662777681745405,0.08491657842523383
seen_failure_halt_hold,1.244,0.11145725323830799,0.06683595081226032,0.0851394929317104
seen_failure_halt_hold,1.246,0.11260228809851526,0.06704794463003286,0.0853646975079074
seen_failure_halt_hold,1.248,0.11369521083527118,0.06726257012733695,0.08559208792957795
seen_failure_halt_hold,1.25,0.11474237056101552,0.06747862368854937,0.08582157267070001
seen_failure_halt_hold,1.252,0.11575081345325271,0.06769511450604637,0.08605307429760654
seen_failure_halt_hold,1.254,0.11672813699710069,0.06791137715636535,0.08628653057160068
seen_failure_halt_hold,1.256,0.11768212257059665,0.06812694089782817,0.08652189481674187
seen_failure_halt_hold,1.258,0.11862043369378489,0.0683414745870346,0.08675913568412942
seen_failure_halt_hold,1.26,0.11955038184734428,0.06855476037465372,0.08699823644782405
seen_failure_halt_hold,1.262,0.12047071635530891,0.06876653551353819,0.0872391778805346
seen_failure_halt_hold,1.264,0.12182485996700428,0.0689800265446976,0.08748282760046858
seen_failure_halt_hold,1.266,0.12301114069086763,0.06919436697559544,0.08772884988185028
seen_failure_halt_hold,1.268,0.12403923339222718,0.06940875244540112,0.08797692834863469
seen_failure_halt_hold,1.27,0.12492331211081799,0.06962258632537645,0.08822677497285637
seen_failure_halt_hold,1.272,0.12568046209311917,0.06983541252543529,0.08847813589704266
seen_failure_halt_hold,1.274,0.12632940210714114,0.07004691452703783,0.08873079470125697
seen_failure_halt_hold,1.276,0.12694211458784538,0.07025692593033954,0.0889846789304327
seen_failure_halt_hold,1.278,0.12747024829185358,0.07046519238329481,0.08923961942701636
seen_failure_halt_hold,1.28,0.12793553643630903,0.07067153264421712,0.08949549049988899
seen_failure_halt_hold,1.282,0.1283554765330253,0.07087579666549988,0.08975220145295507
seen_failure_halt_hold,1.284,0.12991343228334817,0.07108187856234525,0.09001202831752177
seen_failure_halt_hold,1.286,0.13109446170842826,0.07128872608079462,0.09027421724093868
seen_failure_halt_hold,1.288,0.13178765619148755,0.0714951270864222,0.09053779255332164
seen_failure_halt_hold,1.29,0.13218636455826982,0.07170030361961997,0.09080216528243817
seen_failure_halt_hold,1.292,0.13230990721952413,0.07190355266676726,0.09106678509687725
seen_failure_halt_hold,1.294,0.13219407545599213,0.07210428403182807,0.09133117324778924
seen_failure_halt_hold,1.296,0.13191882113363732,0.07230208808980092,0.09159501089005653
seen_failure_halt_hold,1.298,0.13150632756473968,0.07249661408014985,0.09185802354518606
seen_failure_halt_hold,1.3,0.1309798427487368,0.07268756922133447,0.09211998323068357
seen_failure_halt_hold,1.302,0.1303730779103621,0.07287473838275393,0.09238072938650424
seen_failure_halt_hold,1.304,0.13187807421747885,0.07306362473131656,0.0926444855349392
seen_failure_halt_hold,1.306,0.1327969322764792,0.07325281509603898,0.09291007939949227
seen_failure_halt_hold,1.308,0.13313852346722743,0.07344095723734345,0.0931763564464267
seen_failure_halt_hold,1.31,0.13297331767412512,0.0736268739838416,0.09344230308177497
seen_failure_halt_hold,1.312,0.13237933655565878,0.07380957121382418,0.09370706175488626
seen_failure_halt_hold,1.314,0.1314087276974723,0.07398818056726456,0.09396987921028119
seen_failure_halt_hold,1.316,0.1301256585944074,0.074161979202196,0.09423013052747002
seen_failure_halt_hold,1.318,0.12859383434725793,0.07433038559213659,0.09448731819616449
seen_failure_halt_hold,1.32,0.1268745504382243,0.07449295213133557,0.09474106729704099
seen_failure_halt_hold,1.322,0.12502531481404686,0.07464936605503922,0.09499111792666907
seen_failure_halt_hold,1.324,0.12611926436392856,0.07480662611276717,0.09524335645539699
seen_failure_halt_hold,1.326,0.12714962315696918,0.07496438972880365,0.09549765570171094
seen_failure_halt_hold,1.328,0.12802361757030303,0.07512211090127567,0.09575370293685162
seen_failure_halt_hold,1.33,0.129399734214969,0.07528063202945745,0.09601250240528149
seen_failure_halt_hold,1.332,0.13096634774273017,0.07544019592729324,0.09627443510076696
seen_failure_halt_hold,1.334,0.13275350992869148,0.07560112293895742,0.09653994212062432
seen_failure_halt_hold,1.336,0.13471358026737507,0.0757636530974294,0.09680936928115902
seen_failure_halt_hold,1.338,0.13683498545940317,0.07592802088065605,0.09708303925207787
seen_failure_halt_hold,1.34,0.13925538046382907,0.0760947536679238,0.09736155001300553
seen_failure_halt_hold,1.342,0.14204727578825338,0.076264532413138,0.09764564456458207
seen_failure_halt_hold,1.344,0.1406259443145733,0.07642999192403302,0.09792689645321127
seen_failure_halt_hold,1.346,0.13957805468511617,0.07659168805042132,0.09820605256258148
seen_failure_halt_hold,1.348,0.13879623359088655,0.07674998425952712,0.0984836450297633
seen_failure_halt_hold,1.35,0.13817842213584924,0.07690505842025383,0.09876000187403494
seen_failure_halt_hold,1.352,0.13765517638725222,0.07705696594723264,0.09903531222680949
seen_failure_halt_hold,1.354,0.13720347361033813,0.07720573873393431,0.09930971917403016
seen_failure_halt_hold,1.356,0.13676474786045145,0.07735130753701887,0.09958324866975102
seen_failure_halt_hold,1.358,0.1362489622873457,0.07749343373592837,0.09985574659432576
seen_failure_halt_hold,1.36,0.13572554345837146,0.07763202725996729,0.10012719768124248
seen_failure_halt_hold,1.362,0.13518380940590805,0.07776698546512649,0.10039756530005435
seen_failure_halt_hold,1.364,0.13152543665895258,0.07789305014426143,0.10066061617337221
seen_failure_halt_hold,1.366,0.12796773491677807,0.07801024992699626,0.10091655164320576
seen_failure_halt_hold,1.368,0.12447563288464167,0.07811856422803788,0.10116550290897505
seen_failure_halt_hold,1.37,0.12095593792149607,0.07821779965730363,0.10140741478481805
seen_failure_halt_hold,1.372,0.11738506497943926,0.07830772848598702,0.10164218491477685
seen_failure_halt_hold,1.374,0.11375560975535469,0.07838812026276334,0.10186969613428763
seen_failure_halt_hold,1.3760000000000001,0.11007292910548527,0.0784587665893961,0.10208984199249851
seen_failure_halt_hold,1.3780000000000001,0.10634668571043276,0.0785194889844008,0.10230253536391933
seen_failure_halt_hold,1.3800000000000001,0.1025904428276211,0.07857014593824133,0.10250771624957458
seen_failure_halt_hold,1.3820000000000001,0.09879005059187733,0.07861057961397064,0.10270529635075837
seen_failure_halt_hold,1.3840000000000001,0.09750529081935244,0.07864678519046925,0.10290030693239706
seen_failure_halt_hold,1.3860000000000001,0.09603075813202921,0.07867822730120329,0.10309236844866108
seen_failure_halt_hold,1.3880000000000001,0.09437030449232431,0.07870439018595947,0.10328110905764583
seen_failure_halt_hold,1.3900000000000001,0.09254630639119571,0.07872481447106468,0.10346620167042817
seen_failure_halt_hold,1.3920000000000001,0.0905586162847568,0.07873905175049489,0.10364731890299762
seen_failure_halt_hold,1.3940000000000001,0.08850095259613565,0.0787468518661783,0.10382432080818992
seen_failure_halt_hold,1.3960000000000001,0.08637227106267877,0.0787479728687738,0.10399706535031529
seen_failure_halt_hold,1.3980000000000001,0.08415645264476687,0.07874214924284001,0.10416537825560479
seen_failure_halt_hold,1.4000000000000001,0.08193032669912118,0.0787292767032177,0.10432923890900299
seen_failure_halt_hold,1.4020000000000001,0.07971917543806252,0.07870931101692427,0.10448867725987908
seen_failure_halt_hold,1.4040000000000001,0.07826149173826448,0.0786845257390038,0.10464520024335558
seen_failure_halt_hold,1.4060000000000001,0.07673577889561896,0.07865471278707155,0.10479867180114681
seen_failure_halt_hold,1.408,0.07514481141147103,0.07861966005985835,0.10494896142396973
seen_failure_halt_hold,1.41,0.07349941070849945,0.07857916542358388,0.10509596024538681
seen_failure_halt_hold,1.412,0.07181466124178215,0.07853306292822933,0.10523958956787036
seen_failure_halt_hold,1.414,0.07012293642837279,0.07848125718457297,0.10537983544072706
seen_failure_halt_hold,1.416,0.06840307706829736,0.07842361129079492,0.10551664159486362
seen_failure_halt_hold,1.418,0.06668627583456792,0.07836005527919891,0.10565001414653272
seen_failure_halt_hold,1.42,0.06499409915905562,0.07829056891186131,0.10578000234485088
seen_failure_halt_hold,1.422,0.06333772932296307,0.07821515962373618,0.1059066778034968
seen_failure_halt_hold,1.424,0.06226547893574722,0.07813551253990537,0.10603120876136835
seen_failure_halt_hold,1.426,0.06115505032020616,0.0780515229234688,0.1061535188620088
seen_failure_halt_hold,1.428,0.05999932613807766,0.07796307182446902,0.10627351751428492
seen_failure_halt_hold,1.43,0.05881304752968112,0.07787006913745267,0.10639114360934422
seen_failure_halt_hold,1.432,0.05763179829208262,0.07777249322363611,0.1065064072059284
seen_failure_halt_hold,1.434,0.05646514219892576,0.07767033960512752,0.10661933749032627
seen_failure_halt_hold,1.436,0.055316134069448984,0.07756360820763325,0.10672996975846513
seen_failure_halt_hold,1.438,0.054193367810143785,0.07745231437912511,0.1068383564940854
seen_failure_halt_hold,1.44,0.05310386870614687,0.07733648584002611,0.1069445642314977
seen_failure_halt_hold,1.442,0.0520529690395638,0.07721615949428373,0.10704867016957688
seen_failure_halt_hold,1.444,0.050882059731686254,0.07709117396954482,0.10715043428904035
seen_failure_halt_hold,1.446,0.04971808608233405,0.07696163801824409,0.10724987046120504
seen_failure_halt_hold,1.448,0.04855395393400836,0.07682763984455467,0.1073469783690731
seen_failure_halt_hold,1.45,0.047393507740129015,0.0766892654927739,0.10744176538455329
seen_failure_halt_hold,1.452,0.04622069647767233,0.07654655661434204,0.10753420677750859
seen_failure_halt_hold,1.454,0.045053983544018184,0.07639957802112168,0.10762431474459667
seen_failure_halt_hold,1.456,0.04390215239873983,0.07624839768361334,0.10771211904939415
seen_failure_halt_hold,1.458,0.04277246525314655,0.07609308372717276,0.10779766397990037
seen_failure_halt_hold,1.46,0.041679565111748466,0.07593366864508844,0.10788102311012389
seen_failure_halt_hold,1.462,0.04062735475769797,0.07577024325853214,0.10796227781963934
seen_failure_halt_hold,1.464,0.03952783751285519,0.07560203317352665,0.10804133349466498
seen_failure_halt_hold,1.466,0.0384470600810912,0.07542940111783257,0.1081182276148271
seen_failure_halt_hold,1.468,0.03738937887760792,0.07525269746007912,0.1081930063725822
seen_failure_halt_hold,1.47,0.03635949617896474,0.0750722524946043,0.10826572536494017
seen_failure_halt_hold,1.472,0.035360109134989944,0.07488836712941427,0.10833644558321011
seen_failure_halt_hold,1.474,0.03439456268757973,0.07470131134153418,0.10840523470858525
seen_failure_halt_hold,1.476,0.033465948710240036,0.07451132307126038,0.10847216660600587
seen_failure_halt_hold,1.478,0.032576941361252214,0.07431860791638605,0.10853732048872841
seen_failure_halt_hold,1.48,0.031729706824914314,0.07412333979872987,0.1086007799023783
seen_failure_halt_hold,1.482,0.030927879472459095,0.07392566639996119,0.10866263566132342
seen_failure_halt_hold,1.484,0.029967531773832122,0.0737232112781176,0.1087225707248712
seen_failure_halt_hold,1.486,0.02904351794533702,0.0735167549284911,0.10878065776076172
seen_failure_halt_hold,1.488,0.02815786157806814,0.07330704688381257,0.10883697348391802
seen_failure_halt_hold,1.49,0.02731292893897178,0.07309480272612863,0.10889159934179614
seen_failure_halt_hold,1.492,0.026511250475643112,0.07288066439315187,0.10894462184274747
seen_failure_halt_hold,1.494,0.02575538921100803,0.07266519778005566,0.10899613262116972
seen_failure_halt_hold,1.496,0.025047849888390233,0.07244892139238743,0.10904622832094672
seen_failure_halt_hold,1.498,0.024391021270319047,0.07223219176040921,0.10909501036348729
seen_failure_halt_hold,1.5,0.023787143739193065,0.07201562108384466,0.10914258465096591
seen_failure_halt_hold,1.502,0.023238293335740214,0.07179942114498762,0.10918906123763758
seen_failure_halt_hold,1.504,0.022705564543502366,0.07157964516553944,0.10923447236672457
seen_failure_halt_hold,1.506,0.02222198061064018,0.07135749947550443,0.10927891632794585
seen_failure_halt_hold,1.508,0.0217911008484225,0.07113417841567825,0.10932249852964267
seen_failure_halt_hold,1.51,0.021416334047277514,0.07091073983171314,0.10936533119773761
seen_failure_halt_hold,1.512,0.02110086650648504,0.07068812274944425,0.10940753293075034
seen_failure_halt_hold,1.514,0.020847580279702314,0.07046716860959895,0.10944922809130986
seen_failure_halt_hold,1.516,0.02065897097887834,0.07024860032951938,0.10949054603326723
seen_failure_halt_hold,1.518,0.02053707256009146,0.07003302115602558,0.10953162017838713
seen_failure_halt_hold,1.52,0.020487527745232416,0.06982092585793613,0.10957259523387745
seen_failure_halt_hold,1.522,0.020504552479597506,0.06961268484176374,0.10961360433883677
seen_failure_halt_hold,1.524,0.02058343449033396,0.06940213838040545,0.10965477120781736
seen_failure_halt_hold,1.526,0.020702713899863598,0.06918975638840087,0.10969617663561708
seen_failure_halt_hold,1.528,0.020864598669293064,0.06897588482421498,0.10973790583295535
seen_failure_halt_hold,1.53,0.02107102112720421,0.06875921612801798,0.1097800478752096
seen_failure_halt_hold,1.532,0.021317184507344496,0.06853947134535956,0.10982268224422423
seen_failure_halt_hold,1.534,0.021532917216611595,0.06831625613417787,0.10986574807865736
seen_failure_halt_hold,1.536,0.02178612725093313,0.06808923259510963,0.1099093203331592
seen_failure_halt_hold,1.538,0.02210677861635589,0.06785763084935553,0.10995353389039231
seen_failure_halt_hold,1.54,0.022495916954651408,0.06762094826484442,0.10999852572430185
seen_failure_halt_hold,1.542,0.022950924634056732,0.0673786231725444,0.1100444275735703
seen_failure_halt_hold,1.544,0.02352369575977468,0.06714036871954492,0.11009147496508984
seen_failure_halt_hold,1.546,0.024105484612108798,0.06690558221623623,0.11013968593431428
seen_failure_halt_hold,1.548,0.024699974437365747,0.06667384165659113,0.1101890858831888
seen_failure_halt_hold,1.55,0.02531113294322629,0.06644491207162598,0.11023970814907551
seen_failure_halt_hold,1.552,0.0259429938717746,0.06621867677531794,0.11029159413681885
seen_failure_halt_hold,1.554,0.026599486907614094,0.065995078388579,0.11034479311063423
seen_failure_halt_hold,1.556,0.02728430340886445,0.06577414396938953,0.11039936171745209
seen_failure_halt_hold,1.558,0.028000791179166193,0.06555612344471883,0.11045536329981051
seen_failure_halt_hold,1.56,0.028751874594545247,0.065341108128027,0.11051286704899965
seen_failure_halt_hold,1.562,0.02953999788952546,0.06512921214969367,0.1105719470447788
seen_failure_halt_hold,1.564,0.030360269833539063,0.06492584385595522,0.11063266758444591
seen_failure_halt_hold,1.566,0.03116838816724375,0.06473089076859047,0.1106950043607805
seen_failure_halt_hold,1.568,0.03196919605541896,0.06454434184355946,0.11075894275289126
seen_failure_halt_hold,1.57,0.03276851032699543,0.0643662568228366,0.11082447977354538
seen_failure_halt_hold,1.572,0.03357258510477506,0.06419678528190498,0.11089162494375508
seen_failure_halt_hold,1.574,0.03438772681844752,0.06403608609746991,0.11096040039739191
seen_failure_halt_hold,1.576,0.035220013357249266,0.06388431451710974,0.1110308404241063
seen_failure_halt_hold,1.578,0.036075088571817855,0.06374161256178756,0.11110299060124985
seen_failure_halt_hold,1.58,0.036955358369013355,0.06360811370305829,0.11117690131798788
seen_failure_halt_hold,1.582,0.03786413019877555,0.06348399089390351,0.1112526295783855
seen_failure_halt_hold,1.584,0.03885244807320011,0.06336452504544818,0.11133033447453193
seen_failure_halt_hold,1.586,0.039799327004182164,0.06325003424443805,0.1114099331285401
seen_failure_halt_hold,1.588,0.0407110503605759,0.06314082554759988,0.11149135522926124
seen_failure_halt_hold,1.59,0.0415936203608028,0.06303722326105703,0.11157454246998276
seen_failure_halt_hold,1.592,0.042456521613110663,0.06293945203533378,0.11165945551320887
seen_failure_halt_hold,1.594,0.0433102455881925,0.06284767073010862,0.11174607600438527
seen_failure_halt_hold,1.596,0.04416515766950689,0.06276206655444252,0.1118344063197244
seen_failure_halt_hold,1.598,0.045031074809793806,0.06268273481164438,0.11192446846934391
seen_failure_halt_hold,1.6,0.04592311743445027,0.06260974452267803,0.1120163147042129
seen_failure_halt_hold,1.602,0.04684789391038383,0.06254313535504921,0.11211001049203355
seen_failure_halt_hold,1.604,0.04793037566540637,0.0624815908553912,0.11220587124336445
seen_failure_halt_hold,1.606,0.04893967370327007,0.06242514726823522,0.11230375059077086
seen_failure_halt_hold,1.608,0.04988347553779923,0.0623738486410571,0.11240351754184635
seen_failure_halt_hold,1.61,0.05077361468499582,0.062327686386706306,0.11250506477121619
seen_failure_halt_hold,1.612,0.05162428613362967,0.06228665057541224,0.11260831334348347
seen_failure_halt_hold,1.614,0.05245158279175397,0.0622506682953521,0.11271321650906688
seen_failure_halt_hold,1.616,0.05327245950294729,0.06221972869500923,0.11281976142807273
seen_failure_halt_hold,1.618,0.05410321502409564,0.06219382850744249,0.11292796785812109
seen_failure_halt_hold,1.62,0.054962738944422884,0.06217297662044427,0.11303789333601005
seen_failure_halt_hold,1.622,0.05585338553106823,0.06215716520209203,0.11314960010707216
seen_failure_halt_hold,1.624,0.05705510743911639,0.06214605349458899,0.11326371032195044
seen_failure_halt_hold,1.6260000000000001,0.05815925554079264,0.06213950720191919,0.11338002883303225
seen_failure_halt_hold,1.6280000000000001,0.059172535096024104,0.06213739009361327,0.11349837390322426
seen_failure_halt_hold,1.6300000000000001,0.06010879192384985,0.06213957423712104,0.11361859148707187
seen_failure_halt_hold,1.6320000000000001,0.060986050496060894,0.06214590332332192,0.11374056358806416
seen_failure_halt_hold,1.6340000000000001,0.06182433661365607,0.06215626363884522,0.11386421226129134
seen_failure_halt_hold,1.6360000000000001,0.06264240128319848,0.062170580441629916,0.11398949706385791
seen_failure_halt_hold,1.6380000000000001,0.06346735407636649,0.062188816762486034,0.11411643177201077
seen_failure_halt_hold,1.6400000000000001,0.06430872354792933,0.0622109411819591,0.11424504921910654
seen_failure_halt_hold,1.6420000000000001,0.06518308151920851,0.06223694509659856,0.11437541538214491
seen_failure_halt_hold,1.6440000000000001,0.06646664961578083,0.06226791735405501,0.11450834868137652
seen_failure_halt_hold,1.6460000000000001,0.06764046279638737,0.062303615346647676,0.11464362960696918
seen_failure_halt_hold,1.6480000000000001,0.06871713117348634,0.062343822779951596,0.11478106386931625
seen_failure_halt_hold,1.6500000000000001,0.06969474051050832,0.062388315710591266,0.11492045335033717
seen_failure_halt_hold,1.6520000000000001,0.07059266335692763,0.06243689438975871,0.11506163867705095
seen_failure_halt_hold,1.6540000000000001,0.07143594384282506,0.06248938452497101,0.11520451056473667
seen_failure_halt_hold,1.6560000000000001,0.07225042769448341,0.06254571034269879,0.11534901142012564
seen_failure_halt_hold,1.6580000000000001,0.07306662418986389,0.06260584519934126,0.11549514466850544
seen_failure_halt_hold,1.6600000000000001,0.07389976606836676,0.06266978931238827,0.11564294420064225
seen_failure_halt_hold,1.6620000000000001,0.07476809232554374,0.06273756596311544,0.11579248038529341
seen_failure_halt_hold,1.6640000000000001,0.07612892453561589,0.06281024551741456,0.1159447382343647
seen_failure_halt_hold,1.666,0.07734380412158842,0.06288748444508366,0.11609942584260786
seen_failure_halt_hold,1.668,0.07841122956418853,0.06296893629347525,0.1162562483017361
seen_failure_halt_hold,1.67,0.07935408357308603,0.06305429771365777,0.11641495646888222
seen_failure_halt_hold,1.672,0.08021513643234796,0.06314334448025267,0.116575386741747
seen_failure_halt_hold,1.674,0.08099955572331283,0.06323585639034734,0.1167373858531935
seen_failure_halt_hold,1.676,0.08174064247798547,0.06333167410316856,0.1169008671381495
seen_failure_halt_hold,1.678,0.08247239134960654,0.0634307013936253,0.11706581192084865
seen_failure_halt_hold,1.68,0.08321698702804659,0.06353288255013412,0.11723224589490483
seen_failure_halt_hold,1.682,0.08399882692398661,0.0636382078571791,0.11740024354875289
seen_failure_halt_hold,1.684,0.0853337944414342,0.06374807525545492,0.11757091113763579
seen_failure_halt_hold,1.686,0.08647103270460484,0.06386201585491987,0.11774385320304506
seen_failure_halt_hold,1.688,0.08740371216700232,0.06397954261989232,0.11791866062737899
seen_failure_halt_hold,1.69,0.08814751823164006,0.06410019505162683,0.11809495566384232
seen_failure_halt_hold,1.692,0.08873407785055874,0.06422357105057648,0.11827242381954343
seen_failure_halt_hold,1.694,0.08920782052256913,0.06434935273432589,0.11845083946058863
seen_failure_halt_hold,1.696,0.08963237451287663,0.06447734519899559,0.11863010420961433
seen_failure_halt_hold,1.698,0.0900226387488405,0.06460737950618782,0.11881014948711188
seen_failure_halt_hold,1.7,0.09041497416209723,0.06473935607966032,0.11899097943543595
seen_failure_halt_hold,1.702,0.09083577362964189,0.06487322522882372,0.11917265098269525
seen_failure_halt_hold,1.704,0.0918126876055205,0.06501007491489294,0.11935627635790635
seen_failure_halt_hold,1.706,0.09246210271491077,0.06514915595108256,0.11954120056333618
seen_failure_halt_hold,1.708,0.0927743810865224,0.06528969371938992,0.11972674932550922
seen_failure_halt_hold,1.71,0.09278701053274262,0.06543098271938515,0.11991232334657476
seen_failure_halt_hold,1.712,0.09256092388178024,0.06557243384927355,0.12009744519433832
seen_failure_halt_hold,1.714,0.0921506091838615,0.06571356201945167,0.12028174641270602
seen_failure_halt_hold,1.716,0.09161308418303801,0.06585399182979818,0.12046497258107204
seen_failure_halt_hold,1.718,0.09100366397695876,0.06599345488891203,0.12064697990902588
seen_failure_halt_hold,1.72,0.09037308663425174,0.06613177336653603,0.1208277260822943
seen_failure_halt_hold,1.722,0.08976709173562471,0.06626887210059351,0.12100726026576566
seen_failure_halt_hold,1.724,0.08876124363596084,0.06640380815910767,0.12118478275303746
seen_failure_halt_hold,1.726,0.08735324968397551,0.06653570214764458,0.12135948925240549
seen_failure_halt_hold,1.728,0.08557098140457713,0.06666372613666069,0.12153063121521462
seen_failure_halt_hold,1.73,0.08505705590005756,0.0667903304222579,0.12170074532701466
seen_failure_halt_hold,1.732,0.08472857689171862,0.06691593569269254,0.12187020248079823
seen_failure_halt_hold,1.734,0.08453826716890098,0.06704078710830402,0.12203927901513603
seen_failure_halt_hold,1.736,0.08601415449747131,0.06716809283635011,0.12221130732413098
seen_failure_halt_hold,1.738,0.08786658902300322,0.06729848195245909,0.12238704050217691
seen_failure_halt_hold,1.74,0.0899431926255488,0.06743227793451398,0.12256692688742796
seen_failure_halt_hold,1.742,0.09218004158714845,0.0675696765470293,0.12275128697060224
seen_failure_halt_hold,1.744,0.09375676399671565,0.06770909575994434,0.1229388004985957
seen_failure_halt_hold,1.746,0.0955902026599309,0.06785103548074137,0.12312998090391553
seen_failure_halt_hold,1.748,0.09756521812462637,0.06799575808869601,0.12332511134016484
seen_failure_halt_hold,1.75,0.09950322390667614,0.06814316086755706,0.1235241177879782
seen_failure_halt_hold,1.752,0.10129825257171153,0.06829292100906942,0.12372671429312163
seen_failure_halt_hold,1.754,0.10300445537133812,0.06844481595980091,0.1239327232038643
seen_failure_halt_hold,1.756,0.10462519950983348,0.0685986222378627,0.12414197360288394
seen_failure_halt_hold,1.758,0.1061563440090289,0.06875410102188753,0.12435428629090195
seen_failure_halt_hold,1.76,0.10759620022326041,0.06891100383387139,0.12456947869134843
seen_failure_halt_hold,1.762,0.10893130029089917,0.06906904988782935,0.12478734129193018
seen_failure_halt_hold,1.764,0.10496403830070633,0.069217537020789,0.12499726936853163
seen_failure_halt_hold,1.766,0.101248129998073,0.06935699604945919,0.12519976562852783
seen_failure_halt_hold,1.768,0.09756040340185018,0.0694875014258368,0.1253948864353315
seen_failure_halt_hold,1.77,0.09388030941692065,0.06960907456588059,0.12558264705416533
seen_failure_halt_hold,1.772,0.09009922777062337,0.06972150683726736,0.12576284550970665
seen_failure_halt_hold,1.774,0.08618720640408474,0.06982451678036714,0.1259352199225148
seen_failure_halt_hold,1.776,0.08209482451794942,0.06991771160913048,0.1260994095715507
seen_failure_halt_hold,1.778,0.07784581244325071,0.07000073436074855,0.12625510119643724
seen_failure_halt_hold,1.78,0.07346921188297013,0.07007327788165162,0.12640203962020324
seen_failure_halt_hold,1.782,0.06899473343068475,0.07013509076541397,0.12654002908706463
seen_failure_halt_hold,1.784,0.06877928243141551,0.07019448938518079,0.1266775876519275
seen_failure_halt_hold,1.786,0.06786606165298152,0.07025016741583273,0.12681331977523336
seen_failure_halt_hold,1.788,0.06632879626150308,0.07030095276654076,0.1269459773677564
seen_failure_halt_hold,1.79,0.0642502731699951,0.07034582290060723,0.1270744779140964
seen_failure_halt_hold,1.792,0.06169618584836005,0.07038387095965627,0.1271978702857931
seen_failure_halt_hold,1.794,0.058822932121883845,0.07041448124515565,0.12731551615003686
seen_failure_halt_hold,1.796,0.05573657619964792,0.07043722884360287,0.12742698930243618
seen_failure_halt_hold,1.798,0.052541424243365185,0.07045187723154438,0.1275320721509229
seen_failure_halt_hold,1.8,0.049349280089815595,0.07045837421069276,0.12763077071110254
seen_failure_halt_hold,1.802,0.04629556872580443,0.07045694123872505,0.12772336184855418
seen_failure_halt_hold,1.804,0.0444359289835406,0.07044960011405321,0.12781223370652128
seen_failure_halt_hold,1.806,0.04241319758403535,0.07043617803944023,0.12789706010168936
seen_failure_halt_hold,1.808,0.04017470281980092,0.07041638221369403,0.12797740950732897
seen_failure_halt_hold,1.81,0.037732057100494584,0.0703899183098188,0.12805287362152998
seen_failure_halt_hold,1.812,0.03512078383265739,0.07035653370947417,0.12812311518919534
seen_failure_halt_hold,1.814,0.03237118524369685,0.07031600507575334,0.12818785755968273
seen_failure_halt_hold,1.816,0.02954605964295205,0.07026819988065519,0.12824694967896866
seen_failure_halt_hold,1.818,0.02667964696531712,0.07021301169838762,0.12830030897289924
seen_failure_halt_hold,1.82,0.02380017595861123,0.07015036613232743,0.12834790932481646
seen_failure_halt_hold,1.822,0.020960794552251465,0.07008028292391184,0.1283898309139209
seen_failure_halt_hold,1.824,0.019559808169897747,0.07000496597917524,0.12842895053026063
seen_failure_halt_hold,1.826,0.0180340288720886,0.06992436962226627,0.12846501858800474
seen_failure_halt_hold,1.828,0.016381800382737156,0.06983843000863978,0.12849778218877023
seen_failure_halt_hold,1.83,0.014619343522490013,0.06974708684827971,0.12852702087581525
seen_failure_halt_hold,1.832,0.012800638728004493,0.06965035075248521,0.12855262215327123
seen_failure_halt_hold,1.834,0.01098793041715415,0.06954831589138716,0.1285745980141056
seen_failure_halt_hold,1.836,0.009279323083314521,0.06944123101270584,0.1285931566602723
seen_failure_halt_hold,1.838,0.007885854825300832,0.06932971515093374,0.12860892836992288
seen_failure_halt_hold,1.84,0.006994438158637812,0.06921474323603642,0.12862291724624003
seen_failure_halt_hold,1.842,0.006855077736288393,0.06909775616728671,0.12863662740171253
seen_failure_halt_hold,1.844,0.0055162781771054435,0.06897548117156342,0.12864765995806646
seen_failure_halt_hold,1.846,0.00458195203684297,0.0688489628647518,0.12865682386214014
seen_failure_halt_hold,1.848,0.004180730016382731,0.06871946992649743,0.12866518532217253
seen_failure_halt_hold,1.85,0.00441080310959013,0.06858846644223822,0.12867400692839198
seen_failure_halt_hold,1.852,0.005190481549176092,0.06845721736289774,0.1286843878914905
seen_failure_halt_hold,1.854,0.006331922188947004,0.06832656077231168,0.12869705173586846
seen_failure_halt_hold,1.856,0.007648964731198034,0.06819690977969133,0.12871234966533096
seen_failure_halt_hold,1.858,0.00913939781141758,0.06806861041792024,0.12873062846095373
seen_failure_halt_hold,1.86,0.010725372470386154,0.0679418225887158,0.1287520792058946
seen_failure_halt_hold,1.862,0.012360495961251078,0.06781657412282577,0.1287768001978171
seen_failure_halt_hold,1.864,0.012850797301100609,0.06768953210961107,0.12880250179241917
seen_failure_halt_hold,1.866,0.013616846246949945,0.06756155272764786,0.12882973548491303
seen_failure_halt_hold,1.868,0.01458050363045373,0.06743333673215843,0.12885889649217383
seen_failure_halt_hold,1.87,0.01568685939278025,0.06730543195434625,0.12889027021095936
seen_failure_halt_hold,1.872,0.01689876181749694,0.06717821599434333,0.1289240677345944
seen_failure_halt_hold,1.874,0.018188697380314266,0.06705200425920801,0.128960445129355
seen_failure_halt_hold,1.8760000000000001,0.019527135686100764,0.06692698535024147,0.12899949940072725
seen_failure_halt_hold,1.8780000000000001,0.020904379926451073,0.0668032589021608,0.1290413081605802
seen_failure_halt_hold,1.8800000000000001,0.02231914365153665,0.06668087739133849,0.12908594644788324
seen_failure_halt_hold,1.8820000000000001,0.023765882536645654,0.06655983258409254,0.12913347821295654
seen_failure_halt_hold,1.8840000000000001,0.024370231163930077,0.0664372711100384,0.1291822186752844
seen_failure_halt_hold,1.8860000000000001,0.02513464249120351,0.06631392309192173,0.12923248796026687
seen_failure_halt_hold,1.8880000000000001,0.02602400322400283,0.06619045931057115,0.12928453596671483
seen_failure_halt_hold,1.8900000000000001,0.02701208109093064,0.06606746454839056,0.12933856012889666
seen_failure_halt_hold,1.8920000000000001,0.028079380548357593,0.06594541957651531,0.12939471888999332
seen_failure_halt_hold,1.8940000000000001,0.029211320924819408,0.0658246902227285,0.12945314153184298
seen_failure_halt_hold,1.8960000000000001,0.03039682359416998,0.06570548257865931,0.1295139351790313
seen_failure_halt_hold,1.8980000000000001,0.03162580639144295,0.06558795380798807,0.12957718679181413
seen_failure_halt_hold,1.9000000000000001,0.03288720389372963,0.06547217025082512,0.12964296119960153
seen_failure_halt_hold,1.9020000000000001,0.03417694156415664,0.06535813354860873,0.12971131508272987
seen_failure_halt_hold,1.9040000000000001,0.03480827638480866,0.06524336331806718,0.12978093163549942
seen_failure_halt_hold,1.9060000000000001,0.035565513918623656,0.0651287770335583,0.12985206266333663
seen_failure_halt_hold,1.9080000000000001,0.03642539084153972,0.06501526488893938,0.12992491344501972
seen_failure_halt_hold,1.9100000000000001,0.037369866564770475,0.0649036056361224,0.12999965317814927
seen_failure_halt_hold,1.9120000000000001,0.03838493007904666,0.06479442333826863,0.13007642303830738
seen_failure_halt_hold,1.9140000000000001,0.0394596337097588,0.06468820995802553,0.13015534230572687
seen_failure_halt_hold,1.9160000000000001,0.04058533903357808,0.06458532522304392,0.130236512983794
seen_failure_halt_hold,1.9180000000000001,0.04175514276489851,0.06448600370263596,0.1303200232693238
seen_failure_halt_hold,1.92,0.042963436750612705,0.06439036667845643,0.13040595014282502
seen_failure_halt_hold,1.922,0.044203445225141705,0.06429842942983763,0.13049435703327536
seen_failure_halt_hold,1.924,0.044892237678677706,0.06420987420566893,0.13058414150863276
seen_failure_halt_hold,1.926,0.04571513243299995,0.06412577842558669,0.13067557177349873
seen_failure_halt_hold,1.928,0.046631221484420206,0.0640470791249798,0.13076883421646754
seen_failure_halt_hold,1.93,0.04762805307547877,0.06397146864031021,0.13086409032261853
seen_failure_halt_hold,1.932,0.048695240351814426,0.06389866871569344,0.13096148080332218
seen_failure_halt_hold,1.934,0.04982402727072027,0.06382852403154587,0.13106112885786358
seen_failure_halt_hold,1.936,0.05100695140434612,0.06375779579576021,0.13116314276067223
seen_failure_halt_hold,1.938,0.05223484308214385,0.06368581727542069,0.13126761244683652
seen_failure_halt_hold,1.94,0.05349671959022159,0.06361220414836281,0.13137460588601696
seen_failure_halt_hold,1.942,0.054788680504653964,0.06353669189712023,0.1314841832470263
seen_failure_halt_hold,1.944,0.05549212593169666,0.06346194879066112,0.13159516749888966
seen_failure_halt_hold,1.946,0.05629799764222797,0.06338543263398343,0.13170776349417412
seen_failure_halt_hold,1.948,0.05719490927511729,0.06330683985342651,0.1318221533127244
seen_failure_halt_hold,1.95,0.05817288892442469,0.06322621735167586,0.13193849909057323
seen_failure_halt_hold,1.952,0.059228758151733,0.06314397503542007,0.1320569566068767
seen_failure_halt_hold,1.954,0.06035386663827774,0.06306045103705203,0.13217766434015327
seen_failure_halt_hold,1.956,0.06153549836330539,0.06297592437870553,0.13230073533687983
seen_failure_halt_hold,1.958,0.06276659663227237,0.06289065407319287,0.1324262685301444
seen_failure_halt_hold,1.96,0.0640408149777901,0.0628048976960617,0.13255435016009998
seen_failure_halt_hold,1.962,0.06534913139918068,0.06271890312942786,0.13268504842289838
seen_failure_halt_hold,1.964,0.06616006994215441,0.06264207538767884,0.13281736856278267
seen_failure_halt_hold,1.966,0.06706272982570256,0.06257410757325957,0.13295149402243403
seen_failure_halt_hold,1.968,0.06804468135324221,0.06251512764865955,0.13308758338514054
seen_failure_halt_hold,1.97,0.06909687822407994,0.06246528336738652,0.1332257771415887
seen_failure_halt_hold,1.972,0.07021292126758275,0.06242493031039642,0.13336620298412383
seen_failure_halt_hold,1.974,0.07138650519970505,0.06239446968997529,0.13350897599452327
seen_failure_halt_hold,1.976,0.0726115723093653,0.06237438711878811,0.13365419913914203
seen_failure_halt_hold,1.978,0.07388249976002122,0.062365102561988385,0.1338019641386621
seen_failure_halt_hold,1.98,0.0751940896241481,0.06236696489356395,0.13395235231791036
seen_failure_halt_hold,1.982,0.07654155831548524,0.062380251583061326,0.13410543543454131
seen_failure_halt_hold,1.984,0.07737035421710187,0.06239575057946158,0.13426017614297547
seen_failure_halt_hold,1.986,0.07827960164950189,0.062415012430575664,0.13441673534627444
seen_failure_halt_hold,1.988,0.0792628081345815,0.06243941841469227,0.13457526096254363
seen_failure_halt_hold,1.99,0.08031368255410727,0.06247018713464615,0.1347358883276519
seen_failure_halt_hold,1.992,0.08142618308864039,0.06250838816051418,0.13489874069382915
seen_failure_halt_hold,1.994,0.08259455384707518,0.06255476566525246,0.13506392980152335
seen_failure_halt_hold,1.996,0.0838133516071245,0.0626098485952015,0.13523155650473762
seen_failure_halt_hold,1.998,0.0850797130010744,0.06267394991804942,0.1354017159307397
seen_failure_halt_hold,2.0,0.08639081041066235,0.06274715299546989,0.135574497551561
turn45_failure_halt_hold,0.002,0.06479922586314293,0.09943739084901618,0.00012959845172629358
turn45_failure_halt_hold,0.004,0.06556563022702977,0.09906476035338552,0.0002607297121802669
turn45_failure_halt_hold,0.006,0.06630649044267624,0.09869787702123364,0.0003933426930655728
turn45_failure_halt_hold,0.008,0.06703821913329738,0.09833652581113494,0.0005274191313320601
turn45_failure_halt_hold,0.01,0.0677758859640681,0.09798055757054056,0.0006629709032599967
turn45_failure_halt_hold,0.012,0.06853294216669659,0.09762994891419426,0.000800036787593212
turn45_failure_halt_hold,0.014,0.0698285406917438,0.09728533960524062,0.0009396938689766358
turn45_failure_halt_hold,0.016,0.07098361397968136,0.09694636171724352,0.0010816610969362568
turn45_failure_halt_hold,0.018000000000000002,0.07201291013259378,0.0966126673930209,0.0012256869172014128
turn45_failure_halt_hold,0.02,0.07293583764877162,0.09628396682098139,0.0013715585924990942
turn45_failure_halt_hold,0.022,0.07377433040570533,0.09596003117627483,0.0015191072533105618
turn45_failure_halt_hold,0.024,0.07455125815943567,0.0956406918016488,0.0016682097696292756
turn45_failure_halt_hold,0.026000000000000002,0.0752892407302977,0.09532583814114362,0.0018187882510898373
turn45_failure_halt_hold,0.028,0.07600976913704861,0.09501541871509613,0.0019708077893638098
turn45_failure_halt_hold,0.03,0.07673388630177697,0.09470943281761324,0.002124275561967484
turn45_failure_halt_hold,0.032,0.07748574118599873,0.0944079326246163,0.0022792470443393463
turn45_failure_halt_hold,0.034,0.07893036520545522,0.09411352833003507,0.0024371077747500905
turn45_failure_halt_hold,0.036000000000000004,0.08021538427491276,0.09382579709994422,0.002597538543299717
turn45_failure_halt_hold,0.038,0.08134105590851239,0.09354432873875422,0.0027602206551164575
turn45_failure_halt_hold,0.04,0.08232832864195969,0.09326876569460905,0.002924877312400512
turn45_failure_halt_hold,0.042,0.08320406378773954,0.09299881355033582,0.00309128543997578
turn45_failure_halt_hold,0.044,0.08399693144799229,0.09273424323138497,0.0032592793028718933
turn45_failure_halt_hold,0.046,0.0847355697701867,0.09247488994947292,0.003428750442412174
turn45_failure_halt_hold,0.048,0.08544724729804079,0.09222064935831219,0.0035996449370084105
turn45_failure_halt_hold,0.05,0.08616513695151978,0.09197148821847845,0.0037719752109114813
turn45_failure_halt_hold,0.052000000000000005,0.08690100176385955,0.09172740074656308,0.003945777214439333
turn45_failure_halt_hold,0.054,0.08845815746340834,0.09148960600304494,0.004122693529365942
turn45_failure_halt_hold,0.056,0.08979862420805362,0.09125772887470855,0.004302290777782025
turn45_failure_halt_hold,0.058,0.09093513230856874,0.09103140387542322,0.0044841610423992
turn45_failure_halt_hold,0.06,0.09191946877578774,0.09081033376319497,0.0046679999799508
turn45_failure_halt_hold,0.062,0.09276195144015775,0.09059422807857609,0.004853523882831131
turn45_failure_halt_hold,0.064,0.09349266159636108,0.09038285545182104,0.005040509206024051
turn45_failure_halt_hold,0.066,0.09414879322196175,0.09017605737828326,0.005228806792468141
turn45_failure_halt_hold,0.068,0.09476316239829323,0.08997373928171,0.005418333117264802
turn45_failure_halt_hold,0.07,0.09537385663295243,0.08977588097085168,0.005609080830530737
turn45_failure_halt_hold,0.07200000000000001,0.09599963898285442,0.08958249787254305,0.005801080108496276
turn45_failure_halt_hold,0.074,0.0975764465574909,0.08939537731106122,0.0059962330016111315
turn45_failure_halt_hold,0.076,0.09886927017343221,0.08921398749431574,0.006193971541958168
turn45_failure_halt_hold,0.078,0.09988640354158428,0.0890378058313978,0.006393744349041532
turn45_failure_halt_hold,0.08,0.10065682098093055,0.08886636306678057,0.006595057991003482
turn45_failure_halt_hold,0.082,0.10122060180098587,0.08869927060637971,0.006797499194605449
turn45_failure_halt_hold,0.084,0.10163105287073301,0.08853622960788304,0.0070007613003469004
turn45_failure_halt_hold,0.08600000000000001,0.10195078518417272,0.08837705961096208,0.007204662870714981
turn45_failure_halt_hold,0.088,0.10220035464296609,0.08822161482646243,0.007409063580000779
turn45_failure_halt_hold,0.09,0.10242263024873599,0.08806982914579937,0.0076139088404981225
turn45_failure_halt_hold,0.092,0.10265577230366028,0.08792170709244358,0.007819220385105805
turn45_failure_halt_hold,0.094,0.10384210498758434,0.08777871274840948,0.008026904595081217
turn45_failure_halt_hold,0.096,0.10460137707305857,0.08764006086927228,0.008236107349227521
turn45_failure_halt_hold,0.098,0.10494578926348513,0.08750497669011212,0.008445998927754376
turn45_failure_halt_hold,0.1,0.1049293293470721,0.08737277690196567,0.008655857586448755
turn45_failure_halt_hold,0.10200000000000001,0.10462012346828027,0.08724290301625207,0.008865097833385151
turn45_failure_halt_hold,0.10400000000000001,0.10407957725847643,0.08711490963746653,0.009073256987902088
turn45_failure_halt_hold,0.106,0.1033700183640279,0.08698846683901994,0.009279997024630164
turn45_failure_halt_hold,0.108,0.1025512391956993,0.08686335561832433,0.00948509950302137
turn45_failure_halt_hold,0.11,0.10167819207835423,0.0867394587342953,0.00968845588717828
turn45_failure_halt_hold,0.112,0.10079942735579592,0.086616748408977,0.009890054741890003
turn45_failure_halt_hold,0.114,0.09982355437173303,0.08649455408103178,0.010089701850633386
turn45_failure_halt_hold,0.116,0.09937925035909383,0.08637401252979748,0.01028846035135145
turn45_failure_halt_hold,0.11800000000000001,0.09909571589113919,0.0862555052398188,0.010486651783133558
turn45_failure_halt_hold,0.12,0.09884082091266473,0.0861391363140003,0.010684333424958796
turn45_failure_halt_hold,0.122,0.09861923683524798,0.08602500668548023,0.010881571898629391
turn45_failure_halt_hold,0.124,0.09979038881074609,0.08591592424863634,0.011081152676250892
turn45_failure_halt_hold,0.126,0.10128230177309805,0.08581254168287819,0.011283717279796983
turn45_failure_halt_hold,0.128,0.10299822802669224,0.0857153075233546,0.01148971373585007
turn45_failure_halt_hold,0.13,0.10493361437748339,0.08562465115242769,0.011699580964604913
turn45_failure_halt_hold,0.132,0.10733711395094891,0.08554148979875781,0.01191425519250705
turn45_failure_halt_hold,0.134,0.10732614149508433,0.08546030998784636,0.012128907475497344
turn45_failure_halt_hold,0.136,0.10757196428384298,0.08538171880256248,0.01234405140406509
turn45_failure_halt_hold,0.138,0.10819069241890024,0.08530653521670027,0.012560432788903217
turn45_failure_halt_hold,0.14,0.10890170252604803,0.08523500262124659,0.012778236193955336
turn45_failure_halt_hold,0.14200000000000002,0.10959039335774003,0.0851671213619889,0.012997416980670608
turn45_failure_halt_hold,0.14400000000000002,0.11027452866370689,0.08510291401177486,0.01321796603799809
turn45_failure_halt_hold,0.146,0.11091546687309989,0.08504231312929275,0.013439796971744298
turn45_failure_halt_hold,0.148,0.11148833711481185,0.08498518938247827,0.013662773645974116
turn45_failure_halt_hold,0.15,0.11197314581109803,0.08493136188843232,0.013886719937596378
turn45_failure_halt_hold,0.152,0.11236165035710252,0.08488062229858176,0.01411144323831044
turn45_failure_halt_hold,0.154,0.10860695381021986,0.08482371227494516,0.014328657145930472
turn45_failure_halt_hold,0.156,0.10503853641631312,0.08476115883707029,0.014538734218763139
turn45_failure_halt_hold,0.158,0.10161165530799926,0.08469337432656494,0.014741957529379037
turn45_failure_halt_hold,0.16,0.09805053948433569,0.08462019527737463,0.014938058608347344
turn45_failure_halt_hold,0.162,0.09430478529437913,0.08454133418085537,0.015126668178936181
turn45_failure_halt_hold,0.164,0.09037811244716654,0.08445648882575646,0.015307424403830485
turn45_failure_halt_hold,0.166,0.08628763603876928,0.08436537021806388,0.015479999675908247
turn45_failure_halt_hold,0.168,0.08205797841544735,0.08426771874322772,0.01564411563273924
turn45_failure_halt_hold,0.17,0.07771733319353283,0.08416331527177026,0.01579955029912617
turn45_failure_halt_hold,0.17200000000000001,0.07329493088890346,0.08405198258870351,0.01594614016090386
turn45_failure_halt_hold,0.17400000000000002,0.07231561577936502,0.08393945314704836,0.016090771392462497
turn45_failure_halt_hold,0.176,0.07082387823678883,0.0838249338966068,0.016232419148935855
turn45_failure_halt_hold,0.178,0.06885253942085813,0.08370765920192423,0.016370124227777488
turn45_failure_halt_hold,0.18,0.06644726332183026,0.08358692026235656,0.016503018754420982
turn45_failure_halt_hold,0.182,0.06366557392124535,0.08346208989249111,0.016630349902263444
turn45_failure_halt_hold,0.184,0.060632818357100854,0.08333275858646126,0.016751615538977624
turn45_failure_halt_hold,0.186,0.05745366975965452,0.08319869510712312,0.01686652287849683
turn45_failure_halt_hold,0.188,0.05421644118609306,0.08305981573432988,0.016974955760869128
turn45_failure_halt_hold,0.19,0.05102718193522908,0.08291622172400216,0.017077010124739434
turn45_failure_halt_hold,0.192,0.04799337646255812,0.08276820417497234,0.017172996877664944
turn45_failure_halt_hold,0.194,0.04578112623032603,0.08261538481506281,0.01726455913012569
turn45_failure_halt_hold,0.196,0.04345102310847398,0.08245791240714535,0.01735146117634264
turn45_failure_halt_hold,0.198,0.04098183369505353,0.08229583362812147,0.017433424843732746
turn45_failure_halt_hold,0.2,0.03839077704634788,0.08212917301832744,0.017510206397825207
turn45_failure_halt_hold,0.202,0.035676339534586696,0.08195789772442569,0.01758155907689409
turn45_failure_halt_hold,0.20400000000000001,0.03288905331712072,0.08178202252084359,0.017647337183528396
turn45_failure_halt_hold,0.20600000000000002,0.030078560577006926,0.08160161445582995,0.01770749430468234
turn45_failure_halt_hold,0.20800000000000002,0.027296511372017947,0.08141680011596887,0.017762087327426304
turn45_failure_halt_hold,0.21,0.024572586770481714,0.08122772498371991,0.0178112325009671
turn45_failure_halt_hold,0.212,0.021975535845874375,0.08103463490441905,0.01785518357265881
turn45_failure_halt_hold,0.214,0.02022308132834682,0.08083663932989914,0.017895629735315555
turn45_failure_halt_hold,0.216,0.018448992690065266,0.08063422654188623,0.017932527720695514
turn45_failure_halt_hold,0.218,0.016660690889910373,0.08042781774442188,0.01796584910247559
turn45_failure_halt_hold,0.22,0.014901933212399314,0.0802178569419251,0.01799565296890019
turn45_failure_halt_hold,0.222,0.013223377118376952,0.08000481274613001,0.018022099723137
turn45_failure_halt_hold,0.224,0.011713911735875751,0.07978925973322176,0.018045527546608903
turn45_failure_halt_hold,0.226,0.010517311186842307,0.07957199322857417,0.018066562168982395
turn45_failure_halt_hold,0.228,0.009777251076568854,0.07935403423910527,0.01808611667113545
turn45_failure_halt_hold,0.23,0.009616972098814909,0.0791365938115977,0.01810535061533297
turn45_failure_halt_hold,0.232,0.010077927314074654,0.07892091476088146,0.018125506469960796
turn45_failure_halt_hold,0.234,0.008917772411397283,0.07870049946672415,0.01814334201478343
turn45_failure_halt_hold,0.23600000000000002,0.008208292005277586,0.07847696973817625,0.01815975859879428
turn45_failure_halt_hold,0.23800000000000002,0.007985961662624951,0.07825189825677514,0.01817573052211972
turn45_failure_halt_hold,0.24,0.008256182788631543,0.07802673274647032,0.018192242887696993
turn45_failure_halt_hold,0.242,0.008950313890824462,0.07780271622857955,0.01821014351547822
turn45_failure_halt_hold,0.244,0.009960714346464174,0.0775807892403194,0.01823006494417156
turn45_failure_halt_hold,0.246,0.0111698291114405,0.07736157002485113,0.018252404602394044
turn45_failure_halt_hold,0.248,0.012531131344365502,0.07714550375047294,0.018277466865082373
turn45_failure_halt_hold,0.25,0.014006379759285443,0.07693288304850168,0.01830547962460131
turn45_failure_halt_hold,0.252,0.015588225923197793,0.07672392617558788,0.018336656076448073
turn45_failure_halt_hold,0.254,0.015994699149938847,0.07651242488059334,0.018368645474748355
turn45_failure_halt_hold,0.256,0.016665306112581574,0.0762998006272985,0.018401976086973613
turn45_failure_halt_hold,0.258,0.017581708002351405,0.07608730608692042,0.018437139502977973
turn45_failure_halt_hold,0.26,0.018686363556502338,0.07587591278191436,0.018474512230091104
turn45_failure_halt_hold,0.262,0.019900933787522158,0.07566632638112343,0.0185143140976665
turn45_failure_halt_hold,0.264,0.021176067515849658,0.07545906262094401,0.018556666232698256
turn45_failure_halt_hold,0.266,0.022498502905879895,0.0752545098785397,0.018601663238510344
turn45_failure_halt_hold,0.268,0.02387149709348041,0.07505296178368304,0.018649406232697563
turn45_failure_halt_hold,0.27,0.025275994366072894,0.07485458111784438,0.018699958221429877
turn45_failure_halt_hold,0.272,0.02670216074623692,0.07465942861625213,0.018753362542922175
turn45_failure_halt_hold,0.274,0.027305685048622314,0.0744614373632187,0.018807973913019246
turn45_failure_halt_hold,0.276,0.02806470296117532,0.07426201420861289,0.018864103318941408
turn45_failure_halt_hold,0.278,0.028947579369963315,0.07406235451890184,0.018921998477681373
turn45_failure_halt_hold,0.28,0.029929691412437964,0.07386345398065407,0.01898185786050603
turn45_failure_halt_hold,0.28200000000000003,0.030989414716333853,0.07366610200748144,0.019043836689938524
turn45_failure_halt_hold,0.28400000000000003,0.03210777780489133,0.07347087729893521,0.019108052245548512
turn45_failure_halt_hold,0.28600000000000003,0.03327453415628525,0.07327825191900555,0.01917460131386094
turn45_failure_halt_hold,0.28800000000000003,0.034481700807544924,0.07308855909840452,0.019243564715476117
turn45_failure_halt_hold,0.29,0.035722953264739836,0.07290200413067274,0.01931501062200552
turn45_failure_halt_hold,0.292,0.03699319400575277,0.07271869204824556,0.019388997010017155
turn45_failure_halt_hold,0.294,0.03761910071940401,0.07253254137703703,0.019464235211455568
turn45_failure_halt_hold,0.296,0.038367468634864656,0.07234517071114842,0.019540970148725377
turn45_failure_halt_hold,0.298,0.03921656546736428,0.07215798553329705,0.019619403279659917
turn45_failure_halt_hold,0.3,0.04014912814191506,0.071972185328283,0.019699701535943772
turn45_failure_halt_hold,0.302,0.04115142522320734,0.07178876496253385,0.01978200438639052
turn45_failure_halt_hold,0.304,0.04221249246251497,0.07160853072604187,0.01986642937131583
turn45_failure_halt_hold,0.306,0.04332354276429856,0.07143212061886939,0.019953076456844257
turn45_failure_halt_hold,0.308,0.04447748568833264,0.07125999726201918,0.020042031428221082
turn45_failure_halt_hold,0.31,0.0456685561489864,0.07109242368081861,0.02013336854051883
turn45_failure_halt_hold,0.312,0.04688954180432228,0.07092951596180405,0.02022714762412715
turn45_failure_halt_hold,0.314,0.04755072719502209,0.0707662717664932,0.02032224907851688
turn45_failure_halt_hold,0.316,0.04834494181278362,0.07060423046296142,0.020418938962142294
turn45_failure_halt_hold,0.318,0.04923418140605181,0.07044362157184535,0.02051740732495446
turn45_failure_halt_hold,0.32,0.050204529122153986,0.07028456268666793,0.02061781638319872
turn45_failure_halt_hold,0.322,0.05124559308850142,0.07012708714318261,0.02072030756937555
turn45_failure_halt_hold,0.324,0.05234850538081864,0.06996932299232599,0.0208250045801373
turn45_failure_halt_hold,0.326,0.05350564176287362,0.06981074346674788,0.02093201586366328
turn45_failure_halt_hold,0.328,0.05471040087513131,0.06965092491499787,0.02104143666541342
turn45_failure_halt_hold,0.33,0.05595149226741796,0.06948950821092975,0.021153339649948137
turn45_failure_halt_hold,0.332,0.05722439227290435,0.06932614924642076,0.021267788434493843
turn45_failure_halt_hold,0.334,0.05795473892019336,0.06916708282874118,0.02138369791233418
turn45_failure_halt_hold,0.336,0.05878506858999633,0.06901136492073066,0.021501268049514084
turn45_failure_halt_hold,0.338,0.05970130798696726,0.06885837926883846,0.02162067066548818
turn45_failure_halt_hold,0.34,0.06069405528024965,0.06870765288760686,0.021742058776048664
turn45_failure_halt_hold,0.342,0.061754973032951695,0.06855900396688884,0.02186556872211433
turn45_failure_halt_hold,0.34400000000000003,0.06287484045143638,0.06841236165634301,0.02199131840301751
turn45_failure_halt_hold,0.34600000000000003,0.06404318623570408,0.06826773334818394,0.022119404775488766
turn45_failure_halt_hold,0.34800000000000003,0.06525463708638474,0.0681251690424427,0.022249914049661618
turn45_failure_halt_hold,0.35000000000000003,0.06650432501575716,0.06798470187674167,0.022382922699692918
turn45_failure_halt_hold,0.352,0.06778783995297341,0.06784642077532363,0.022518498379598774
turn45_failure_halt_hold,0.354,0.06857824528238667,0.06772045365265493,0.02265565487016355
turn45_failure_halt_hold,0.356,0.06945744519979734,0.06760579979859417,0.022794569760563002
turn45_failure_halt_hold,0.358,0.0704130337538905,0.06750184566542575,0.022935395828071026
turn45_failure_halt_hold,0.36,0.07143827188796567,0.06740805012775555,0.02307827237184697
turn45_failure_halt_hold,0.362,0.07252678489872244,0.06732401925289498,0.02322332594164453
turn45_failure_halt_hold,0.364,0.07367281305563107,0.06724949554431471,0.023370671567755845
turn45_failure_halt_hold,0.366,0.07487089453993002,0.06718441233737192,0.023520413356835485
turn45_failure_halt_hold,0.368,0.07611572374159681,0.06712869713163556,0.02367264480431852
turn45_failure_halt_hold,0.37,0.07740236533520006,0.06708226097149095,0.023827449534989085
turn45_failure_halt_hold,0.372,0.07872195092460248,0.06704498658884288,0.023984893436838003
turn45_failure_halt_hold,0.374,0.07955295006764415,0.06701444144604458,0.02414399933697348
turn45_failure_halt_hold,0.376,0.08046332016130311,0.06699023155224623,0.024304925977295982
turn45_failure_halt_hold,0.378,0.08144721625239636,0.06697226737046197,0.024467820409800528
turn45_failure_halt_hold,0.38,0.08249885665947615,0.06696037363595166,0.02463281812311918
turn45_failure_halt_hold,0.382,0.0836126309659712,0.06695438656282905,0.024800043385051235
turn45_failure_halt_hold,0.384,0.08478357176146428,0.06695419117982448,0.024969610528573823
turn45_failure_halt_hold,0.386,0.08600581215002344,0.0669596428824834,0.025141622152873657
turn45_failure_halt_hold,0.388,0.0872730923653986,0.06697056018352285,0.02531616833760446
turn45_failure_halt_hold,0.39,0.08858242614206759,0.0669867319897295,0.025493333189888306
turn45_failure_halt_hold,0.392,0.0899311368347966,0.06700786313445216,0.02567319546355793
turn45_failure_halt_hold,0.394,0.09089020240709558,0.06703658830530632,0.02585497586837203
turn45_failure_halt_hold,0.396,0.09190376363802136,0.06707237459459045,0.026038783395648198
turn45_failure_halt_hold,0.398,0.0929580325349549,0.06711482146231815,0.02622469946071816
turn45_failure_halt_hold,0.4,0.09404942007444737,0.06716360496181258,0.02641279830086688
turn45_failure_halt_hold,0.402,0.0951861826994375,0.06721846237995444,0.02660317066626568
turn45_failure_halt_hold,0.404,0.09636669819388627,0.06727915491168003,0.026795904062653614
turn45_failure_halt_hold,0.406,0.09758813199815992,0.06734545502016247,0.02699108032665014
turn45_failure_halt_hold,0.40800000000000003,0.09884775402040158,0.06741714179151315,0.02718877583469064
turn45_failure_halt_hold,0.41000000000000003,0.1001429450709526,0.06749395157135736,0.02738906172483243
turn45_failure_halt_hold,0.41200000000000003,0.10146721537415371,0.06757567181479704,0.027591996155581076
turn45_failure_halt_hold,0.41400000000000003,0.10252424007710145,0.0676630678801745,0.027797044635735027
turn45_failure_halt_hold,0.41600000000000004,0.10359819509441075,0.06775565559031557,0.028004241025923488
turn45_failure_halt_hold,0.418,0.10468908004864794,0.06785302382017842,0.02821361918602061
turn45_failure_halt_hold,0.42,0.1057971760581199,0.0679548178482095,0.028425213538136873
turn45_failure_halt_hold,0.422,0.10692300998774235,0.06806072834269158,0.028639059558112592
turn45_failure_halt_hold,0.424,0.10806727862143822,0.06817048452361227,0.028855194115355615
turn45_failure_halt_hold,0.426,0.10923076239215325,0.06828385017353263,0.0290736556401396
turn45_failure_halt_hold,0.428,0.11041424522827989,0.06840062139364914,0.029294484130596182
turn45_failure_halt_hold,0.43,0.11161844871159582,0.06852058749167186,0.029517721028019316
turn45_failure_halt_hold,0.432,0.11284398354257968,0.06864360990605547,0.029743408995104626
turn45_failure_halt_hold,0.434,0.11399892860364702,0.06877158054135024,0.029971406852311495
turn45_failure_halt_hold,0.436,0.11510946433755953,0.06890398632098137,0.03020162578098674
turn45_failure_halt_hold,0.438,0.11617869292538142,0.06904037698838153,0.03043398316683764
turn45_failure_halt_hold,0.44,0.11721141883459679,0.06918037447892722,0.03066840600450689
turn45_failure_halt_hold,0.442,0.11821363453508718,0.06932367140922878,0.030904833273576873
turn45_failure_halt_hold,0.444,0.11919210120651122,0.0694700033814271,0.03114321747598981
turn45_failure_halt_hold,0.446,0.12015317742239807,0.06961914325459803,0.03138352383083466
turn45_failure_halt_hold,0.448,0.12110476882814859,0.0697709290770083,0.03162573336849078
turn45_failure_halt_hold,0.45,0.1220542218037314,0.06992522625295129,0.03186984181209835
turn45_failure_halt_hold,0.452,0.12300820002126214,0.07008190052572706,0.032115858212141066
turn45_failure_halt_hold,0.454,0.12426350634908272,0.07024293777147471,0.0323643852248389
turn45_failure_halt_hold,0.456,0.1253682589106839,0.07040772165868232,0.032615121742659875
turn45_failure_halt_hold,0.458,0.1263290122725604,0.07057565593444119,0.03286777976720509
turn45_failure_halt_hold,0.46,0.1271593285399928,0.07074620445006752,0.03312209842428489
turn45_failure_halt_hold,0.462,0.1278755923199826,0.0709188937188562,0.03337784960892467
turn45_failure_halt_hold,0.464,0.128495751209188,0.07109331339956608,0.033634841111343246
turn45_failure_halt_hold,0.466,0.1290383204444335,0.07126911133890947,0.03389291775223198
turn45_failure_halt_hold,0.468,0.12952161100171214,0.0714459958971959,0.03415196097423576
turn45_failure_halt_hold,0.47000000000000003,0.1299631483135354,0.07162372166378356,0.03441188727086279
turn45_failure_halt_hold,0.47200000000000003,0.13037925406033157,0.07180209493314674,0.03467264577898355
turn45_failure_halt_hold,0.47400000000000003,0.13178593233347055,0.07198445421638495,0.034936217643650166
turn45_failure_halt_hold,0.47600000000000003,0.13284515582549894,0.07216981807447691,0.03520190795530141
turn45_failure_halt_hold,0.47800000000000004,0.13357188018718738,0.07235726093854637,0.035469051715675826
turn45_failure_halt_hold,0.48,0.13398591427818587,0.07254592088000823,0.03573702354423208
turn45_failure_halt_hold,0.482,0.13412761097755976,0.07273503892258046,0.03600527876618736
turn45_failure_halt_hold,0.484,0.13402942660368228,0.07292394157941941,0.036273337619394594
turn45_failure_halt_hold,0.486,0.13372700396957393,0.07311204562234354,0.03654079162733389
turn45_failure_halt_hold,0.488,0.13330158910037423,0.07329894807832424,0.03680739480553466
turn45_failure_halt_hold,0.49,0.13276941583231758,0.07348429485998138,0.03707293363719932
turn45_failure_halt_hold,0.492,0.13215603112060084,0.07366779752670162,0.037337245699440386
turn45_failure_halt_hold,0.494,0.13330871615752837,0.07385408506095731,0.037603863131755365
turn45_failure_halt_hold,0.496,0.13391520778870628,0.0740418031473726,0.037871693547332774
turn45_failure_halt_hold,0.498,0.1339963625324605,0.07422965846210837,0.03813968627239732
turn45_failure_halt_hold,0.5,0.13361487221943782,0.0744165030633332,0.03840691601683617
turn45_failure_halt_hold,0.502,0.13283135202200647,0.07460132400356938,0.038672578720880105
turn45_failure_halt_hold,0.504,0.1316970622839355,0.07478323395100268,0.03893597284544823
turn45_failure_halt_hold,0.506,0.13027275784353115,0.07496148402376708,0.03919651836113527
turn45_failure_halt_hold,0.508,0.12861942629714157,0.07513546295183698,0.03945375721372965
turn45_failure_halt_hold,0.51,0.1267961708943163,0.0753046813348623,0.03970734955551845
turn45_failure_halt_hold,0.512,0.1260727718772943,0.07547120291097469,0.039959495099273164
turn45_failure_halt_hold,0.514,0.12738561233434287,0.07564004844520891,0.04021426632394187
turn45_failure_halt_hold,0.516,0.12849746669870385,0.07581057844875583,0.040471261257339436
turn45_failure_halt_hold,0.518,0.12947603444452357,0.0759823038999539,0.04073021332622842
turn45_failure_halt_hold,0.52,0.13119599516233021,0.07615651218074218,0.040992605316552966
turn45_failure_halt_hold,0.522,0.1331045581624451,0.07633337996397158,0.04125881443287803
turn45_failure_halt_hold,0.524,0.1351104638231756,0.0765129025999196,0.04152903536052419
turn45_failure_halt_hold,0.526,0.13726209271870282,0.07669522676138565,0.04180355954596127
turn45_failure_halt_hold,0.528,0.1396934889017643,0.07688078206982941,0.042082946523765055
turn45_failure_halt_hold,0.53,0.14254386266871474,0.07707029018680406,0.0423680342491024
turn45_failure_halt_hold,0.532,0.14573204899251405,0.07726432283870023,0.04265949834708726
turn45_failure_halt_hold,0.534,0.14389248525280302,0.0774538448953706,0.04294728331759252
turn45_failure_halt_hold,0.536,0.14242780874948915,0.07763939604951156,0.043232138935091584
turn45_failure_halt_hold,0.538,0.141204958774206,0.07782126294092889,0.04351454885264
turn45_failure_halt_hold,0.54,0.14013387885774603,0.07799956828488751,0.043794816610355246
turn45_failure_halt_hold,0.542,0.13915550287681253,0.07817433445728307,0.04407312761610867
turn45_failure_halt_hold,0.544,0.13824540052278836,0.07834555147757737,0.04434961841715447
turn45_failure_halt_hold,0.546,0.13733311326962505,0.07851308368325846,0.04462428464369393
turn45_failure_halt_hold,0.548,0.13635943565133155,0.07867669099488682,0.04489700351499698
turn45_failure_halt_hold,0.55,0.13538115435959133,0.07883625969635427,0.04516776582371605
turn45_failure_halt_hold,0.552,0.13438859495905392,0.07899166835396901,0.04543654301363415
turn45_failure_halt_hold,0.554,0.13104421417484124,0.07913909478447542,0.04569863144198424
turn45_failure_halt_hold,0.556,0.12773585990251454,0.07927842558756487,0.04595410316178963
turn45_failure_halt_hold,0.558,0.12442079123615025,0.07940947942401909,0.046202944744261655
turn45_failure_halt_hold,0.56,0.12109583998192096,0.07953208490352025,0.04644513642422546
turn45_failure_halt_hold,0.562,0.1177021406881908,0.07964596800098407,0.046680540705601764
turn45_failure_halt_hold,0.5640000000000001,0.11423682020414412,0.07975086398887885,0.04690901434600983
turn45_failure_halt_hold,0.5660000000000001,0.11071071521691225,0.0798465429331667,0.0471304357764435
turn45_failure_halt_hold,0.5680000000000001,0.10713877483015592,0.07993281610226466,0.04734471332610376
turn45_failure_halt_hold,0.5700000000000001,0.10350679310356915,0.08000947672656815,0.04755172691231071
turn45_failure_halt_hold,0.5720000000000001,0.0998465751724429,0.0800763911259259,0.04775142006265562
turn45_failure_halt_hold,0.5740000000000001,0.09837665390016076,0.08013864557174495,0.04794817337045626
turn45_failure_halt_hold,0.5760000000000001,0.09672235363084883,0.08019575983344435,0.04814161807771793
turn45_failure_halt_hold,0.578,0.09489181586237898,0.08024727366118914,0.04833140170944292
turn45_failure_halt_hold,0.58,0.09287987080689981,0.08029272117439694,0.04851716145105671
turn45_failure_halt_hold,0.582,0.0907468606404736,0.080331762597077,0.04869865517233764
turn45_failure_halt_hold,0.584,0.08850482147374539,0.08036408810726134,0.04887566481528512
turn45_failure_halt_hold,0.586,0.08620124784624976,0.08038948863419282,0.04904806731097759
turn45_failure_halt_hold,0.588,0.08386433892904237,0.08040781460043787,0.049215795988836
turn45_failure_halt_hold,0.59,0.08151993867757493,0.08041897591596571,0.04937883586619085
turn45_failure_halt_hold,0.592,0.07919090724712392,0.08042293880425988,0.04953721768068489
turn45_failure_halt_hold,0.594,0.07772583629135224,0.08042192436305934,0.04969266935326741
turn45_failure_halt_hold,0.596,0.07618015978811007,0.08041572299185988,0.049845029672843606
turn45_failure_halt_hold,0.598,0.07457853879846293,0.08040416986155358,0.04999418675044039
turn45_failure_halt_hold,0.6,0.07293153871213584,0.08038711833341766,0.05014004982786484
turn45_failure_halt_hold,0.602,0.07125364491182985,0.0803644493039553,0.050282557117688545
turn45_failure_halt_hold,0.604,0.06959289608793985,0.08033615164209293,0.050421742909864266
turn45_failure_halt_hold,0.606,0.06793251963949032,0.08030218132055407,0.050557607949143504
turn45_failure_halt_hold,0.608,0.06628695557182636,0.08026253068926445,0.0506901818602869
turn45_failure_halt_hold,0.61,0.06466881826760716,0.08021721840140301,0.05081951949682239
turn45_failure_halt_hold,0.612,0.06308858292625365,0.0801662838867342,0.05094569666267485
turn45_failure_halt_hold,0.614,0.0618718383025879,0.08011031459723074,0.051069440339280216
turn45_failure_halt_hold,0.616,0.06063324575672838,0.08004934483406731,0.051190706830793416
turn45_failure_halt_hold,0.618,0.059378198899975594,0.07998340780747544,0.051309463228593255
turn45_failure_halt_hold,0.62,0.05812042351241442,0.07991255545396153,0.05142570407561825
turn45_failure_halt_hold,0.622,0.056889616705958046,0.07983689130346219,0.051539483309030146
turn45_failure_halt_hold,0.624,0.05567120268864155,0.07975647755503049,0.05165082571440761
turn45_failure_halt_hold,0.626,0.05447320281875973,0.07967138076055157,0.051759772120045275
turn45_failure_halt_hold,0.628,0.0533035289936874,0.07958167228066826,0.051866379178032336
turn45_failure_halt_hold,0.63,0.052168784245388566,0.07948740431928566,0.05197071674652341
turn45_failure_halt_hold,0.632,0.05107409889916228,0.07938864058522258,0.0520728649443221
turn45_failure_halt_hold,0.634,0.049867675405413404,0.07928437241618222,0.05217260029513314
turn45_failure_halt_hold,0.636,0.04867818895595396,0.07917490083103894,0.052269956673045244
turn45_failure_halt_hold,0.638,0.047504677768107434,0.07906049540755888,0.05236496602858175
turn45_failure_halt_hold,0.64,0.04634879691130171,0.07894139765925974,0.05245766362240442
turn45_failure_halt_hold,0.642,0.045221088194082354,0.0788178407247691,0.052548105798792474
turn45_failure_halt_hold,0.644,0.04412935677772943,0.0786900444505585,0.052636364512347586
turn45_failure_halt_hold,0.646,0.04307500441255854,0.0785582036828551,0.05272251452117299
turn45_failure_halt_hold,0.648,0.04204087882724424,0.07842245269423351,0.05280659627882722
turn45_failure_halt_hold,0.65,0.041020629779375345,0.07828288864842567,0.05288863753838613
turn45_failure_halt_hold,0.652,0.04002215131308984,0.07813959355891585,0.0529686818410125
turn45_failure_halt_hold,0.654,0.03889577489005755,0.07799038565224314,0.053046473390792874
turn45_failure_halt_hold,0.656,0.0378016558015119,0.07783585205502482,0.05312207670239563
turn45_failure_halt_hold,0.658,0.03674010684509198,0.07767655264283313,0.05319555691608587
turn45_failure_halt_hold,0.66,0.035711796737124026,0.07751299412290182,0.05326698050956013
turn45_failure_halt_hold,0.662,0.034719076163744186,0.07734563186338302,0.05333641866188728
turn45_failure_halt_hold,0.664,0.033765177522815125,0.0771748717519728,0.05340394901693292
turn45_failure_halt_hold,0.666,0.03285308501303057,0.07700107110289081,0.05346965518695893
turn45_failure_halt_hold,0.668,0.03198537278426302,0.07682454021911707,0.05353362593252734
turn45_failure_halt_hold,0.67,0.03116411470926213,0.07664554452228202,0.05359595416194581
turn45_failure_halt_hold,0.672,0.030395209864053186,0.07646429246512207,0.05365674458167352
turn45_failure_halt_hold,0.674,0.029481005754640594,0.0762767461305499,0.053715706593182685
turn45_failure_halt_hold,0.676,0.028610324185907983,0.07608404721723425,0.05377292724155479
turn45_failure_halt_hold,0.678,0.02778549343832668,0.0758872261735066,0.053828498228431186
turn45_failure_halt_hold,0.68,0.027010518258295098,0.07568721521524294,0.05388251926494815
turn45_failure_halt_hold,0.682,0.026284907403893172,0.0754848441035889,0.05393508907975572
turn45_failure_halt_hold,0.684,0.025610840574076504,0.07528086579745509,0.05398631076090383
turn45_failure_halt_hold,0.686,0.024990283926868327,0.075075917056715,0.054036291328757195
turn45_failure_halt_hold,0.6880000000000001,0.02442493286230187,0.07487051426216666,0.05408514119448216
turn45_failure_halt_hold,0.6900000000000001,0.023916180940952488,0.07466502980620188,0.05413297355636396
turn45_failure_halt_hold,0.6920000000000001,0.02346511588679727,0.07445984226002235,0.05417990378813714
turn45_failure_halt_hold,0.6940000000000001,0.022986325947708525,0.07424897884063972,0.05422587644003213
turn45_failure_halt_hold,0.6960000000000001,0.022561721631075116,0.074034136928474,0.0542709998832944
turn45_failure_halt_hold,0.6980000000000001,0.022193991535106542,0.07381690868231278,0.05431538786636433
turn45_failure_halt_hold,0.7000000000000001,0.021885613868023703,0.07359862295290934,0.05435915909410046
turn45_failure_halt_hold,0.7020000000000001,0.021638790853399273,0.07338050043404397,0.0544024366758074
turn45_failure_halt_hold,0.704,0.021455382243674506,0.07316360459736863,0.054445347440294875
turn45_failure_halt_hold,0.706,0.021336846777694558,0.07294884534282799,0.054488021133850005
turn45_failure_halt_hold,0.708,0.021284197394367498,0.0727369854583006,0.05453058952863899
turn45_failure_halt_hold,0.71,0.021297973726607886,0.07252864907936195,0.054573185476092044
turn45_failure_halt_hold,0.712,0.021378360594101194,0.07232433179486475,0.054615942197279894
turn45_failure_halt_hold,0.714,0.021510299781547632,0.07211830547852205,0.05465896279684331
turn45_failure_halt_hold,0.716,0.021684854572876385,0.0719123853314875,0.05470233250598909
turn45_failure_halt_hold,0.718,0.02190331181300697,0.07170873363951977,0.05474613912961503
turn45_failure_halt_hold,0.72,0.022167664029541633,0.07150723468034276,0.054790474457674126
turn45_failure_halt_hold,0.722,0.022471466317837148,0.07130825947840715,0.054835417390309775
turn45_failure_halt_hold,0.724,0.022748882352917416,0.0711105027791938,0.054880915155015725
turn45_failure_halt_hold,0.726,0.0230702598703704,0.07091299307021684,0.05492705567475636
turn45_failure_halt_hold,0.728,0.023454200546258862,0.07071494713731917,0.05497396407584864
turn45_failure_halt_hold,0.73,0.023900338443157535,0.0705158585719146,0.05502176475273475
turn45_failure_halt_hold,0.732,0.02440790343431954,0.07031425607116557,0.05507058055960325
turn45_failure_halt_hold,0.734,0.025001793778908165,0.07011670706135548,0.05512058414716134
turn45_failure_halt_hold,0.736,0.025606854703816656,0.06992198392607846,0.05517179785656878
turn45_failure_halt_hold,0.738,0.026226043572456212,0.06972934325131089,0.05522424994371377
turn45_failure_halt_hold,0.74,0.026862712668420535,0.06953825713408582,0.055277975369050394
turn45_failure_halt_hold,0.742,0.0275203725116586,0.06934839108421863,0.05533301611407382
turn45_failure_halt_hold,0.744,0.028202511517599456,0.06915953596904514,0.055389421137108964
turn45_failure_halt_hold,0.746,0.028912455974909865,0.06897156306886203,0.05544724604905895
turn45_failure_halt_hold,0.748,0.02965565667736919,0.06878441565667848,0.0555065573624137
turn45_failure_halt_hold,0.75,0.03043087990320797,0.06859814520159369,0.05556741912221994
turn45_failure_halt_hold,0.752,0.031240453046589886,0.06841273661534661,0.0556299000283133
turn45_failure_halt_hold,0.754,0.032067765477789376,0.06823890630947586,0.05569403555926898
turn45_failure_halt_hold,0.756,0.032884877100504355,0.06807580838175299,0.05575980531346993
turn45_failure_halt_hold,0.758,0.03369600414206318,0.06792287281739487,0.05582719732175415
turn45_failure_halt_hold,0.76,0.034506408333334265,0.06777972128450258,0.055896210138420915
turn45_failure_halt_hold,0.762,0.03532186080506947,0.06764610179686971,0.055966853860031036
turn45_failure_halt_hold,0.764,0.03614825708048133,0.06752183988859933,0.05603915037419209
turn45_failure_halt_hold,0.766,0.03699133591399479,0.06740682171033716,0.05611313304601996
turn45_failure_halt_hold,0.768,0.037856472868806994,0.06730093528092322,0.05618884599175743
turn45_failure_halt_hold,0.77,0.038746197877640054,0.06720406282759721,0.05626633838751273
turn45_failure_halt_hold,0.772,0.039663234881550866,0.06711607367032246,0.05634566485727563
turn45_failure_halt_hold,0.774,0.04065743679906996,0.0670325496306278,0.05642697973087392
turn45_failure_halt_hold,0.776,0.04161073552756432,0.06695341490005151,0.05651020120192919
turn45_failure_halt_hold,0.778,0.04252918938184655,0.06687862866195536,0.05659525958069264
turn45_failure_halt_hold,0.78,0.04341909519660268,0.06680816706032736,0.0566820977710859
turn45_failure_halt_hold,0.782,0.044288995242235195,0.06674200980500315,0.05677067576157027
turn45_failure_halt_hold,0.784,0.04514917864848492,0.06668021184503872,0.05686097411886707
turn45_failure_halt_hold,0.786,0.046009839095145486,0.06662265534826223,0.056952993797057296
turn45_failure_halt_hold,0.788,0.04688066166977619,0.06656926846941151,0.05704675512039684
turn45_failure_halt_hold,0.79,0.04777707227210239,0.06651997977681444,0.05714230926494098
turn45_failure_halt_hold,0.792,0.04870508964118402,0.0664747057833755,0.05723971944422317
turn45_failure_halt_hold,0.794,0.049798000688874494,0.06643536139773,0.05733931544560079
turn45_failure_halt_hold,0.796,0.05081832771056296,0.06640160864598961,0.0574409521010217
turn45_failure_halt_hold,0.798,0.05177254355437437,0.06637316029938083,0.057544497188130726
turn45_failure_halt_hold,0.8,0.05267165210270397,0.06634976946938227,0.05764984049233626
turn45_failure_halt_hold,0.802,0.053529917652692424,0.06633121482603398,0.05775690032764165
turn45_failure_halt_hold,0.804,0.05436342219662216,0.06631726551477207,0.05786562717203493
turn45_failure_halt_hold,0.806,0.05518925102717365,0.06630776998171589,0.05797600567408939
turn45_failure_halt_hold,0.808,0.05602403871198956,0.06630260431016172,0.0580880537515134
turn45_failure_halt_hold,0.81,0.05688635972376371,0.06630167678925215,0.05820182647096097
turn45_failure_halt_hold,0.812,0.057778687454757685,0.06630489744783714,0.058317383845870714
turn45_failure_halt_hold,0.8140000000000001,0.05899705857021045,0.06631258962401594,0.05843537796301113
turn45_failure_halt_hold,0.8160000000000001,0.06011549965187332,0.06632438708294093,0.0585556089623148
turn45_failure_halt_hold,0.8180000000000001,0.06114129708266172,0.06633995507520023,0.058677891556480115
turn45_failure_halt_hold,0.8200000000000001,0.062088613852713276,0.06635899655531022,0.058802068784185375
turn45_failure_halt_hold,0.8220000000000001,0.06297563117801311,0.06638123266867936,0.05892802004654143
turn45_failure_halt_hold,0.8240000000000001,0.063822441147389,0.0664064232340891,0.05905566492883623
turn45_failure_halt_hold,0.8260000000000001,0.0646494905884039,0.06643440270506192,0.05918496391001315
turn45_failure_halt_hold,0.8280000000000001,0.06548337247605171,0.06646506341098603,0.05931593065496514
turn45_failure_halt_hold,0.8300000000000001,0.06633119143096627,0.0664983180273625,0.059448593037826875
turn45_failure_halt_hold,0.8320000000000001,0.06720982587731476,0.06653413375772886,0.059583012689581646
turn45_failure_halt_hold,0.834,0.06852116212408285,0.06657518533006852,0.05972005501382945
turn45_failure_halt_hold,0.836,0.06971595930251863,0.0666210704003852,0.05985948693243442
turn45_failure_halt_hold,0.838,0.07081002188207118,0.0666714757714144,0.0600011069761985
turn45_failure_halt_hold,0.84,0.07180284066689752,0.06672608526051935,0.060144712657532025
turn45_failure_halt_hold,0.842,0.07271306018737515,0.06678457657855626,0.060290138777906885
turn45_failure_halt_hold,0.844,0.07356601722789138,0.06684666703217985,0.06043727081236268
turn45_failure_halt_hold,0.846,0.07438776929409922,0.06691213676643504,0.06058604635095087
turn45_failure_halt_hold,0.848,0.07520940244655008,0.06698084672665573,0.06073646515584397
turn45_failure_halt_hold,0.85,0.076045941198379,0.06705269529359986,0.060888557038240795
turn45_failure_halt_hold,0.852,0.0769172533013679,0.06712762345093205,0.06104239154484344
turn45_failure_halt_hold,0.854,0.07831514012164158,0.0672070856341192,0.06119902182508681
turn45_failure_halt_hold,0.856,0.07955872771987721,0.06729061976478941,0.06135813928052651
turn45_failure_halt_hold,0.858,0.08064817130363151,0.06737775535973597,0.0615194356231336
turn45_failure_halt_hold,0.86,0.08160585144909908,0.06746807658303368,0.06168264732603168
turn45_failure_halt_hold,0.862,0.08247855818243627,0.06756126949949172,0.06184760444239675
turn45_failure_halt_hold,0.864,0.08327044107921494,0.06765703516735996,0.062014145324555306
turn45_failure_halt_hold,0.866,0.08401525675937449,0.06775514868247287,0.06218217583807387
turn45_failure_halt_hold,0.868,0.08474778157975087,0.0678554612262725,0.06235167140123321
turn45_failure_halt_hold,0.87,0.08549016781751805,0.06795787489565276,0.06252265173686829
turn45_failure_halt_hold,0.872,0.08626718459042197,0.06806234389338571,0.06269518610604904
turn45_failure_halt_hold,0.874,0.08764179043071403,0.06817079805940456,0.06287046968691067
turn45_failure_halt_hold,0.876,0.08880810082491579,0.06828267424440757,0.06304808588856044
turn45_failure_halt_hold,0.878,0.08975920607086971,0.06839740213556608,0.06322760430070205
turn45_failure_halt_hold,0.88,0.09051366619972208,0.06851445422312233,0.06340863163310148
turn45_failure_halt_hold,0.882,0.09110433532412426,0.0686333735499782,0.06359084030374977
turn45_failure_halt_hold,0.884,0.09157274950451048,0.0687537910842434,0.06377398580275875
turn45_failure_halt_hold,0.886,0.09199088252483464,0.06887548554018433,0.06395796756780812
turn45_failure_halt_hold,0.888,0.09237023670990299,0.06899826195952961,0.06414270804122789
turn45_failure_halt_hold,0.89,0.09274864082341557,0.0691220049974945,0.0643282053228748
turn45_failure_halt_hold,0.892,0.09315241987309227,0.06924665621826318,0.0645145101626212
turn45_failure_halt_hold,0.894,0.09414795905705524,0.069373385810399,0.06470280608073513
turn45_failure_halt_hold,0.896,0.09480197322394712,0.06950140832466697,0.06489241002718318
turn45_failure_halt_hold,0.898,0.09510881140140663,0.06962992863315424,0.06508262764998601
turn45_failure_halt_hold,0.9,0.0951092052797254,0.06975823499991196,0.0652728460605456
turn45_failure_halt_hold,0.902,0.09486458111171867,0.06988574069921627,0.06546257522276899
turn45_failure_halt_hold,0.904,0.09443042880291036,0.07001197231060807,0.06565143608037473
turn45_failure_halt_hold,0.906,0.09386446523400611,0.07013657578620591,0.06583916501084298
turn45_failure_halt_hold,0.908,0.09322253341061387,0.07025931113386759,0.06602561007766426
turn45_failure_halt_hold,0.91,0.092555821082616,0.07038004480716138,0.06621072171982975
turn45_failure_halt_hold,0.912,0.09191095356813558,0.07049873917484409,0.06639454362696592
turn45_failure_halt_hold,0.914,0.09086984463467378,0.07061462750562479,0.0665762833162355
turn45_failure_halt_hold,0.916,0.08941920948156364,0.0707268321654172,0.06675512173519865
turn45_failure_halt_hold,0.918,0.08882874736637068,0.07083702944264635,0.06693277922993168
turn45_failure_halt_hold,0.92,0.08852355882609508,0.07094574298104124,0.06710982634758367
turn45_failure_halt_hold,0.922,0.08833558792094547,0.071053157185691,0.06728649752342523
turn45_failure_halt_hold,0.924,0.0882304179025595,0.07115938438665315,0.06746295835923022
turn45_failure_halt_hold,0.926,0.08973944350833245,0.07126759655634578,0.06764243724624726
turn45_failure_halt_hold,0.928,0.09158395596028543,0.07137840529745125,0.06782560515816786
turn45_failure_halt_hold,0.93,0.09362412509357651,0.07149214441000952,0.0680128534083548
turn45_failure_halt_hold,0.932,0.09582319815109291,0.07160907274462702,0.06820449980465683
turn45_failure_halt_hold,0.934,0.09668309187584923,0.07172661777771476,0.06839786598840847
turn45_failure_halt_hold,0.936,0.09816341400864653,0.07184601904219318,0.06859419281642572
turn45_failure_halt_hold,0.9380000000000001,0.09978367710070993,0.0719675219773318,0.06879376017062698
turn45_failure_halt_hold,0.9400000000000001,0.10143579775295493,0.07209113592434545,0.06899663176613305
turn45_failure_halt_hold,0.9420000000000001,0.10300425260316985,0.07221665790024082,0.06920264027133935
turn45_failure_halt_hold,0.9440000000000001,0.10452223506979397,0.07234394436856444,0.06941168474147921
turn45_failure_halt_hold,0.9460000000000001,0.10595786434731466,0.0724727826988794,0.06962360047017378
turn45_failure_halt_hold,0.9480000000000001,0.10730924314704383,0.07260295387538256,0.06983821895646794
turn45_failure_halt_hold,0.9500000000000001,0.10857151226517187,0.0727342192512396,0.07005536198099813
turn45_failure_halt_hold,0.9520000000000001,0.10973903540730155,0.07286633042912304,0.070274840051813
turn45_failure_halt_hold,0.9540000000000001,0.10581591296667531,0.0729889080554083,0.07048647187774636
turn45_failure_halt_hold,0.9560000000000001,0.10214180989122588,0.07310249892161255,0.07069075549752864
turn45_failure_halt_hold,0.9580000000000001,0.09852518881771817,0.07320725819266155,0.0708878058751643
turn45_failure_halt_hold,0.96,0.09480001511974538,0.07330299718359509,0.07107740590540364
turn45_failure_halt_hold,0.962,0.09096359073378979,0.07338951339401577,0.07125933308687087
turn45_failure_halt_hold,0.964,0.08700751335215633,0.07346657349304377,0.07143334811357499
turn45_failure_halt_hold,0.966,0.08289140920341113,0.07353384999042864,0.0715991309319817
turn45_failure_halt_hold,0.968,0.07864048055672754,0.0735910533067857,0.07175641189309488
turn45_failure_halt_hold,0.97,0.0742831213945526,0.07363793929223998,0.07190497813588431
turn45_failure_halt_hold,0.972,0.0698484323466903,0.07367431192393162,0.07204467500057789
turn45_failure_halt_hold,0.974,0.06942589125149794,0.07370782854493643,0.07218352678308058
turn45_failure_halt_hold,0.976,0.06838622884434,0.07373739036734886,0.07232029924076913
turn45_failure_halt_hold,0.978,0.06679020860798188,0.07376199978732385,0.07245387965798476
turn45_failure_halt_hold,0.98,0.06468986853587413,0.07378074054874052,0.07258325939505651
turn45_failure_halt_hold,0.982,0.06215749198681233,0.07379281724770288,0.07270757437902994
turn45_failure_halt_hold,0.984,0.05932984284886646,0.07379768434204637,0.07282623406472766
turn45_failure_halt_hold,0.986,0.05631870706133126,0.07379499701461222,0.07293887147885016
turn45_failure_halt_hold,0.988,0.05322022890681383,0.07378458128210115,0.07304531193666397
turn45_failure_halt_hold,0.99,0.050140286042835984,0.07376645363951438,0.07314559250874976
turn45_failure_halt_hold,0.992,0.047213926213584605,0.07374087784813663,0.07324002036117692
turn45_failure_halt_hold,0.994,0.04521778743369547,0.07370903095539895,0.07333045593604423
turn45_failure_halt_hold,0.996,0.04309760561126308,0.07367087295697836,0.07341665114726646
turn45_failure_halt_hold,0.998,0.04079521443948744,0.07362622139971778,0.0734982415761455
turn45_failure_halt_hold,1.0,0.03831733843463074,0.07357487625302404,0.07357487625301452
turn45_failure_halt_hold,1.002,0.035697661494409075,0.07351667312428657,0.0736462715760034
turn45_failure_halt_hold,1.004,0.03296142738721087,0.07345146471860695,0.07371219443077819
turn45_failure_halt_hold,1.006,0.03016498787857985,0.07337918171347875,0.07377252440653562
turn45_failure_halt_hold,1.008,0.027352279489377282,0.0732998098341909,0.0738272289655144
turn45_failure_halt_hold,1.01,0.02455833531334869,0.07321337473288948,0.07387634563614132
turn45_failure_halt_hold,1.012,0.021833593660729112,0.07311997603587754,0.07392001282346265
turn45_failure_halt_hold,1.014,0.020371117677815083,0.0730210611898497,0.073960755058818
turn45_failure_halt_hold,1.016,0.018823381064514453,0.07291674072401937,0.07399840182094714
turn45_failure_halt_hold,1.018,0.01718153709583995,0.07280707797794583,0.07403276489513916
turn45_failure_halt_hold,1.02,0.015461937316139056,0.07269213017728057,0.0740636887697711
turn45_failure_halt_hold,1.022,0.01371292110440131,0.07257200735867798,0.07409111461197973
turn45_failure_halt_hold,1.024,0.012011588372662866,0.07244692801910443,0.07411513778872511
turn45_failure_halt_hold,1.026,0.010443463123057559,0.07231723646388996,0.07413602471497131
turn45_failure_halt_hold,1.028,0.00917119582350526,0.07218355931726288,0.0741543671066182
turn45_failure_halt_hold,1.03,0.00834487611073205,0.07204678129688079,0.07417105685883967
turn45_failure_halt_hold,1.032,0.008137969161546528,0.07190808575283188,0.07418733279716264
turn45_failure_halt_hold,1.034,0.006711418327938204,0.07176364785907684,0.07420075563381863
turn45_failure_halt_hold,1.036,0.005664396533309386,0.07161454588359363,0.0742120844268852
turn45_failure_halt_hold,1.038,0.005063681380722104,0.07146199113453804,0.07422221178964636
turn45_failure_halt_hold,1.04,0.005012293636025364,0.07130735906452618,0.07423223637691856
turn45_failure_halt_hold,1.042,0.005514958525562329,0.07115198085400182,0.07424326629396984
turn45_failure_halt_hold,1.044,0.006452556648700703,0.07099689210440324,0.07425617140726766
turn45_failure_halt_hold,1.046,0.0076562500752954754,0.07084273346501345,0.07427148390741868
turn45_failure_halt_hold,1.048,0.008991526256711402,0.0706898220229308,0.07428946695993242
turn45_failure_halt_hold,1.05,0.010496600611118914,0.07053848495024997,0.07431046016115489
turn45_failure_halt_hold,1.052,0.012065884856251563,0.07038881471643477,0.0743345919308671
turn45_failure_halt_hold,1.054,0.012372240855944665,0.07023664288321985,0.07435933641257868
turn45_failure_halt_hold,1.056,0.01304259146673647,0.0700831308177372,0.07438542159551194
turn45_failure_halt_hold,1.058,0.013936990606950521,0.06992913453433397,0.07441329557672606
turn45_failure_halt_hold,1.06,0.014992255280811712,0.06977528010734402,0.07444328008728777
turn45_failure_halt_hold,1.062,0.016164720243493913,0.06962208564495069,0.07447560952777477
turn45_failure_halt_hold,1.064,0.01741563216994233,0.06946993158609785,0.0745104407921151
turn45_failure_halt_hold,1.066,0.018720394825417402,0.06931907478930477,0.0745478815817662
turn45_failure_halt_hold,1.068,0.020068365701290104,0.06916968519591075,0.0745880183131684
turn45_failure_halt_hold,1.07,0.02145668558955252,0.06902185085382397,0.07463093168434733
turn45_failure_halt_hold,1.072,0.02287650525660898,0.06887560458637147,0.07467668469486062
turn45_failure_halt_hold,1.074,0.023450050408616755,0.06872735179407372,0.07472358479567805
turn45_failure_halt_hold,1.076,0.024189025306346146,0.06857799130433956,0.07477196284629098
turn45_failure_halt_hold,1.078,0.02505640967686328,0.06842833131661011,0.07482207566564454
turn45_failure_halt_hold,1.08,0.026024443430673547,0.06827906656150957,0.0748741245525059
turn45_failure_halt_hold,1.082,0.027072492565737533,0.06813077034303908,0.07492826953763743
turn45_failure_halt_hold,1.084,0.028185176394573127,0.06798387859008675,0.07498463989042647
turn45_failure_halt_hold,1.086,0.02934696046969806,0.0678386709406578,0.07504333381136583
turn45_failure_halt_hold,1.088,0.0305472300347511,0.06769536469144137,0.07510442827143536
turn45_failure_halt_hold,1.09,0.0317804486916863,0.06755408032832724,0.07516798916881855
turn45_failure_halt_hold,1.092,0.03304221475075875,0.06741485321322147,0.07523407359832003
turn45_failure_halt_hold,1.094,0.033660079266706215,0.0672744891617797,0.07530139375685307
turn45_failure_halt_hold,1.096,0.03440367470539133,0.06713409375704436,0.07537020110626386
turn45_failure_halt_hold,1.098,0.03524923379430569,0.066994700646106,0.07544069957385262
turn45_failure_halt_hold,1.1,0.036178372024429174,0.06685719873146075,0.07551305631790153
turn45_failure_halt_hold,1.102,0.03717687278666255,0.0667223122300975,0.07558741006347522
turn45_failure_halt_hold,1.104,0.03823368532499927,0.06659062044623054,0.07566387743412493
turn45_failure_halt_hold,1.106,0.0393401420409774,0.06646256069358444,0.07574255771820695
turn45_failure_halt_hold,1.108,0.040490331619441836,0.06633843887843194,0.07582353838144573
turn45_failure_halt_hold,1.11,0.04167832750687817,0.066218439149289,0.07590689503645952
turn45_failure_halt_hold,1.112,0.04289628455425937,0.0661026328636859,0.07599268760556788
turn45_failure_halt_hold,1.114,0.043573012624271296,0.06599013178019099,0.0760798336308165
turn45_failure_halt_hold,1.116,0.044383410916896474,0.06588014010130656,0.07616860045264987
turn45_failure_halt_hold,1.118,0.04528634729104805,0.06577252136410638,0.0762591731472317
turn45_failure_halt_hold,1.12,0.04626924833049215,0.06566737821894203,0.07635171164389226
turn45_failure_halt_hold,1.122,0.047321679523723376,0.06556478310431899,0.07644635500293999
turn45_failure_halt_hold,1.124,0.04843489512960459,0.0654620721169567,0.07654322479319917
turn45_failure_halt_hold,1.1260000000000001,0.049601486152437826,0.06535871048571541,0.07664242776550417
turn45_failure_halt_hold,1.1280000000000001,0.05081510915293001,0.06525434424796787,0.07674405798381023
turn45_failure_halt_hold,1.1300000000000001,0.05206299499583973,0.06514860300920461,0.07684818397380208
turn45_failure_halt_hold,1.1320000000000001,0.0533402940391116,0.06504060936938091,0.07695486456188007
turn45_failure_halt_hold,1.1340000000000001,0.054038188887274394,0.0649340334641653,0.0770629409396546
turn45_failure_halt_hold,1.1360000000000001,0.05483815596157853,0.0648285658475208,0.07717261725157774
turn45_failure_halt_hold,1.1380000000000001,0.05572873748332013,0.06472364193764962,0.07728407472654462
turn45_failure_halt_hold,1.1400000000000001,0.0566999389900675,0.06461923841057765,0.07739747460452472
turn45_failure_halt_hold,1.1420000000000001,0.05774296571933238,0.06451554355530084,0.07751296053596317
turn45_failure_halt_hold,1.1440000000000001,0.05885275719654266,0.0644127000123665,0.07763066605035633
turn45_failure_halt_hold,1.1460000000000001,0.06002074393529646,0.06431091056649092,0.07775070753822678
turn45_failure_halt_hold,1.1480000000000001,0.06123967044398002,0.06421041323314926,0.07787318687911476
turn45_failure_halt_hold,1.1500000000000001,0.06250302544882244,0.0641114729924247,0.07799819293001208
turn45_failure_halt_hold,1.1520000000000001,0.06380497357789677,0.0640143596388663,0.07812580287716775
turn45_failure_halt_hold,1.154,0.06461865787211227,0.0639263830469901,0.07825504019291211
turn45_failure_halt_hold,1.156,0.06552355678566171,0.06384735308772878,0.07838608730648336
turn45_failure_halt_hold,1.158,0.06650824113654137,0.06377714625938587,0.07851910378875634
turn45_failure_halt_hold,1.16,0.06756268617614254,0.06371617055276949,0.07865422916110881
turn45_failure_halt_hold,1.162,0.06868009972125667,0.06366492118162323,0.07879158936055117
turn45_failure_halt_hold,1.164,0.06985413366762805,0.06362387322406417,0.07893129762788656
turn45_failure_halt_hold,1.166,0.0710788704994787,0.06359345569298559,0.07907345536888519
turn45_failure_halt_hold,1.168,0.07234881318712555,0.06357403736252894,0.07921815299525924
turn45_failure_halt_hold,1.17,0.0736588760346377,0.06356592044821115,0.07936547074732843
turn45_failure_halt_hold,1.172,0.07500437498030674,0.06356933933639397,0.07951547949728899
turn45_failure_halt_hold,1.174,0.0758214151728469,0.06357635093518092,0.07966712232763477
turn45_failure_halt_hold,1.176,0.0767192843919451,0.06358814174749122,0.07982056089641858
turn45_failure_halt_hold,1.178,0.07769178992560012,0.06360582024850071,0.07997594447626953
turn45_failure_halt_hold,1.18,0.07873290051247084,0.063630391522882,0.08013341027729433
turn45_failure_halt_hold,1.182,0.0798365934768145,0.06366273356199313,0.0802930834642478
turn45_failure_halt_hold,1.184,0.08099711934204544,0.06370346216396303,0.08045507770293198
turn45_failure_halt_hold,1.186,0.08220903031510504,0.06375297288507392,0.08061949576356234
turn45_failure_halt_hold,1.188,0.08347141207576747,0.06381148282685327,0.08078643858771402
turn45_failure_halt_hold,1.19,0.08477930336215429,0.06387898706970711,0.08095599719443831
turn45_failure_halt_hold,1.192,0.08612786442926357,0.06395525604564052,0.08112825292329688
turn45_failure_halt_hold,1.194,0.0870819208730461,0.06403785763492598,0.08130241676504331
turn45_failure_halt_hold,1.196,0.08807149921414466,0.0641270985871373,0.08147855976347167
turn45_failure_halt_hold,1.198,0.08911190033275852,0.06422335872041272,0.08165678356413729
turn45_failure_halt_hold,1.2,0.09019847954837741,0.06432697412541678,0.08183718052323374
turn45_failure_halt_hold,1.202,0.09132572542625658,0.06443827289720012,0.08201983197408633
turn45_failure_halt_hold,1.204,0.09249317087044295,0.06455748113230676,0.0822048183158274
turn45_failure_halt_hold,1.206,0.09369928955908356,0.06468472259027093,0.08239221689494546
turn45_failure_halt_hold,1.208,0.09494407449442134,0.06482001771651572,0.08258210504393419
turn45_failure_halt_hold,1.21,0.09622446563952916,0.06496332147425382,0.08277455397521327
turn45_failure_halt_hold,1.212,0.09753763010251122,0.0651144456627671,0.08296962923541795
turn45_failure_halt_hold,1.214,0.09861102918129341,0.06527122155847297,0.08316685129378057
turn45_failure_halt_hold,1.216,0.09969783804037176,0.06543371924917359,0.08336624696986109
turn45_failure_halt_hold,1.218,0.10079813735487697,0.06560199414210352,0.08356784324457078
turn45_failure_halt_hold,1.22,0.10191224220822467,0.06577601476009516,0.08377166772898709
turn45_failure_halt_hold,1.222,0.10304068931070301,0.06595564938447983,0.08397774910760845
turn45_failure_halt_hold,1.224,0.10418417798680456,0.06614058991698168,0.08418611746358184
turn45_failure_halt_hold,1.226,0.10534349588264041,0.06633024228637328,0.08439680445534742
turn45_failure_halt_hold,1.228,0.10651954099571917,0.06652372686621158,0.08460984353733879
turn45_failure_halt_hold,1.23,0.10770773108022622,0.06671990838417441,0.08482525899949903
turn45_failure_halt_hold,1.232,0.10891114012863912,0.06691757480980352,0.08504308127975638
turn45_failure_halt_hold,1.234,0.11009572881186257,0.06711993072260446,0.0852632727373799
turn45_failure_halt_hold,1.236,0.11122903575524401,0.06732597221010439,0.08548573080889059
turn45_failure_halt_hold,1.238,0.11231489656207876,0.06753463007990329,0.08571036060201462
turn45_failure_halt_hold,1.24,0.11336031026719662,0.06774483833486042,0.08593708122254884
turn45_failure_halt_hold,1.242,0.11437198319557107,0.06795568167346991,0.08616582518893973
turn45_failure_halt_hold,1.244,0.11535690102155179,0.06816647404682008,0.08639653899098279
turn45_failure_halt_hold,1.246,0.11632228017736806,0.06837677894895194,0.08662918355133734
turn45_failure_halt_hold,1.248,0.11727526218427872,0.06858626721063177,0.08686373407570609
turn45_failure_halt_hold,1.25,0.11822267602180435,0.0687946998031568,0.08710017942774981
turn45_failure_halt_hold,1.252,0.11916096618321524,0.06900184528367684,0.0873385013601163
turn45_failure_halt_hold,1.254,0.12048060943178428,0.06921081710424053,0.0875794625789799
turn45_failure_halt_hold,1.256,0.12164256457600908,0.06942077162116739,0.08782274770813156
turn45_failure_halt_hold,1.258,0.12265500641675892,0.06963091821799619,0.08806805772096482
turn45_failure_halt_hold,1.26,0.12353083668657078,0.06984060716425633,0.08831511939433803
turn45_failure_halt_hold,1.262,0.1242860583472335,0.07004937741337575,0.08856369151103281
turn45_failure_halt_hold,1.264,0.12493846192032522,0.0702569022021847,0.08881356843487373
turn45_failure_halt_hold,1.266,0.12556579432868062,0.07046303678503028,0.08906470002353126
turn45_failure_halt_hold,1.268,0.12611028291358242,0.0706675143566705,0.08931692058935813
turn45_failure_halt_hold,1.27,0.12659370387171373,0.07087014977568176,0.08957010799710169
turn45_failure_halt_hold,1.272,0.12703269475314408,0.07107081084369558,0.08982417338660798
turn45_failure_halt_hold,1.274,0.1285494312870955,0.07127329833617255,0.090081272249182
turn45_failure_halt_hold,1.276,0.12958124400359092,0.07147633141825736,0.09034043473718914
turn45_failure_halt_hold,1.278,0.130283178595953,0.07167900261670934,0.09060100109438123
turn45_failure_halt_hold,1.28,0.1306943032928228,0.07188053184047012,0.09086238970096681
turn45_failure_halt_hold,1.282,0.13084224050712426,0.0720802374920517,0.09112407418198094
turn45_failure_halt_hold,1.284,0.1307441116865712,0.07227751015981507,0.09138556240535406
turn45_failure_halt_hold,1.286,0.13049019511844062,0.07247194148173938,0.09164654279559133
turn45_failure_halt_hold,1.288,0.13009963418280227,0.0726631773484899,0.09190674206395714
turn45_failure_halt_hold,1.29,0.12959676330040215,0.07285092496856123,0.09216593559055784
turn45_failure_halt_hold,1.292,0.12901527779487815,0.07303496913613947,0.0924239661461476
turn45_failure_halt_hold,1.294,0.13048918353658856,0.07322070930177384,0.09268494451322061
turn45_failure_halt_hold,1.296,0.13138779360477087,0.07340674995171365,0.09294772010043026
turn45_failure_halt_hold,1.298,0.13171778697146438,0.07359175239472185,0.09321115567437278
turn45_failure_halt_hold,1.3,0.13154776188978634,0.0737745496622176,0.09347425119815221
turn45_failure_halt_hold,1.302,0.13095361564634697,0.07395415404306388,0.09373615842944524
turn45_failure_halt_hold,1.304,0.12998748924427875,0.0741297040366274,0.0939961334079339
turn45_failure_halt_hold,1.306,0.1287126764353103,0.07430048230396943,0.09425355876080452
turn45_failure_halt_hold,1.308,0.12719214728602532,0.07446591162716483,0.09450794305537638
turn45_failure_halt_hold,1.31,0.12548656381991344,0.07462554764250667,0.09475891618301605
turn45_failure_halt_hold,1.312,0.1236528764605594,0.07477907431181915,0.09500622193593718
turn45_failure_halt_hold,1.314,0.12373060184788709,0.07493143406112489,0.09525368313963298
turn45_failure_halt_hold,1.316,0.12433718614905354,0.07508341854979743,0.09550235751193123
turn45_failure_halt_hold,1.318,0.12486737177080737,0.07523468493052693,0.09575209225547285
turn45_failure_halt_hold,1.32,0.12537975014981229,0.07538503537258225,0.09600285175577268
turn45_failure_halt_hold,1.322,0.12670337708694127,0.07553595094057913,0.09625625850994662
turn45_failure_halt_hold,1.324,0.1283324370730752,0.07568791880396365,0.09651292338409315
turn45_failure_halt_hold,1.326,0.13016963247217245,0.07584124678538223,0.09677326264903784
turn45_failure_halt_hold,1.328,0.13222418491133447,0.07599627435345466,0.09703771101886027
turn45_failure_halt_hold,1.33,0.13480937001089724,0.07615399010894161,0.09730732975888222
turn45_failure_halt_hold,1.332,0.13783659388852873,0.07631521451217287,0.09758300294665956
turn45_failure_halt_hold,1.334,0.1372978843170339,0.07647390080296655,0.09785759871529404
turn45_failure_halt_hold,1.336,0.13709413741586904,0.07663051894061831,0.09813178699012552
turn45_failure_halt_hold,1.338,0.13711380401744214,0.07678534393267926,0.09840601459816059
turn45_failure_halt_hold,1.34,0.13725842330426988,0.07693847266872729,0.09868053144476908
turn45_failure_halt_hold,1.342,0.13746234553867384,0.07708988741373873,0.0989554561358466
turn45_failure_halt_hold,1.344,0.13769242507187993,0.07723952258297961,0.09923084098599018
turn45_failure_halt_hold,1.346,0.1378813085818415,0.0773871988276719,0.09950660360315407
turn45_failure_halt_hold,1.348,0.1380151895531015,0.07753271993260534,0.09978263398226013
turn45_failure_halt_hold,1.35,0.1381183626833812,0.07767594800794059,0.10005887070762673
turn45_failure_halt_hold,1.352,0.13818133988588885,0.07781673500780642,0.10033523338739866
turn45_failure_halt_hold,1.354,0.13427662553041678,0.07794813176830245,0.10060378663845963
turn45_failure_halt_hold,1.356,0.13046097291783165,0.07807013882373855,0.10086470858429514
turn45_failure_halt_hold,1.358,0.12665806424089007,0.07818262888471256,0.10111802471277664
turn45_failure_halt_hold,1.36,0.12286919315252658,0.07828549072724168,0.10136376309908166
turn45_failure_halt_hold,1.362,0.11902603061541366,0.07837848921867506,0.10160181516031253
turn45_failure_halt_hold,1.364,0.11512234111049534,0.07846138827478479,0.10183205984253355
turn45_failure_halt_hold,1.366,0.11115955555045628,0.07853396559680582,0.10205437895363453
turn45_failure_halt_hold,1.368,0.10714060518827455,0.07859601535969919,0.10226866016401079
turn45_failure_halt_hold,1.37,0.10308255791732031,0.07864737574486343,0.10247482527984571
turn45_failure_halt_hold,1.372,0.09900117645511118,0.07868793419592444,0.10267282763275569
turn45_failure_halt_hold,1.374,0.09795804425785372,0.07872474438430486,0.1028687437212711
turn45_failure_halt_hold,1.3760000000000001,0.09668393307412762,0.07875718561013051,0.10306211158741967
turn45_failure_halt_hold,1.3780000000000001,0.09519586478607998,0.07878468290719788,0.10325250331699158
turn45_failure_halt_hold,1.3800000000000001,0.0935077086633663,0.07880670061120566,0.10343951873431843
turn45_failure_halt_hold,1.3820000000000001,0.09165805851331535,0.07882279146630035,0.10362283485134496
turn45_failure_halt_hold,1.3840000000000001,0.08972083244739963,0.07883266598767223,0.1038022765162398
turn45_failure_halt_hold,1.3860000000000001,0.08766716376922778,0.07883598869091064,0.1039776108437782
turn45_failure_halt_hold,1.3880000000000001,0.08557086816060455,0.07883258424250104,0.10414875258009973
turn45_failure_halt_hold,1.3900000000000001,0.08346113859660138,0.07882234166741012,0.10431567485729332
turn45_failure_halt_hold,1.3920000000000001,0.08136323641617887,0.07880520586657289,0.10447840133012537
turn45_failure_halt_hold,1.3940000000000001,0.07976993396183828,0.07878296532968235,0.10463794119804884
turn45_failure_halt_hold,1.3960000000000001,0.07811316523951635,0.07875538413288534,0.10479416752852792
turn45_failure_halt_hold,1.3980000000000001,0.07639414002095013,0.07872225634785734,0.10494695580856991
turn45_failure_halt_hold,1.4000000000000001,0.07460997311325927,0.078683377453935,0.10509617575479634
turn45_failure_halt_hold,1.4020000000000001,0.07276265587797652,0.07863853040029206,0.105241701066552
turn45_failure_halt_hold,1.4040000000000001,0.07091658179617427,0.07858763016749665,0.10538353423014445
turn45_failure_halt_hold,1.4060000000000001,0.06906566611242862,0.07853058523572519,0.1055216655623693
turn45_failure_halt_hold,1.408,0.0672245944168534,0.07846733891651807,0.10565611475120322
turn45_failure_halt_hold,1.41,0.06540655450885223,0.07839786613539389,0.10578692786022108
turn45_failure_halt_hold,1.412,0.06362284932944612,0.07832217740330448,0.10591417355888005
turn45_failure_halt_hold,1.414,0.06256625907091223,0.07824226144129212,0.10603930607702199
turn45_failure_halt_hold,1.416,0.061474121843273936,0.07815801329478983,0.10616225432070855
turn45_failure_halt_hold,1.418,0.06035535758438642,0.0780693458498613,0.10628296503587745
turn45_failure_halt_hold,1.42,0.05922132058368007,0.07797619413891244,0.10640140767704462
turn45_failure_halt_hold,1.422,0.058101723925802894,0.07787855156678855,0.10651761112489612
turn45_failure_halt_hold,1.424,0.05700402954262146,0.07777642506863092,0.1066316191839813
turn45_failure_halt_hold,1.426,0.05592439906666566,0.07766981234197994,0.10674346798211488
turn45_failure_halt_hold,1.428,0.05487125147752592,0.07755872635447844,0.10685321048507035
turn45_failure_halt_hold,1.43,0.05385131884711359,0.07744319209474948,0.10696091312276454
turn45_failure_halt_hold,1.432,0.05286955862853698,0.07732324324492139,0.10706665224002208
turn45_failure_halt_hold,1.434,0.051609261567641666,0.07719846391084938,0.1071698707631577
turn45_failure_halt_hold,1.436,0.05036273495578527,0.07706897045208583,0.10727059623306939
turn45_failure_halt_hold,1.438,0.04912832189064966,0.07693486971001635,0.10736885287685094
turn45_failure_halt_hold,1.44,0.047907094624204116,0.07679626106159557,0.10746466706609922
turn45_failure_halt_hold,1.442,0.04668859603077361,0.07665321098458695,0.10755804425816094
turn45_failure_halt_hold,1.444,0.04547850379375358,0.07650578378976142,0.10764900126574854
turn45_failure_halt_hold,1.446,0.04428434094068429,0.076354046116798,0.10773756994762966
turn45_failure_halt_hold,1.448,0.04310833257919092,0.07619805324430007,0.10782378661278817
turn45_failure_halt_hold,1.45,0.04197058563588889,0.07603788597196438,0.10790772778406
turn45_failure_halt_hold,1.452,0.04087714642774387,0.07587362386477735,0.10798948207691583
turn45_failure_halt_hold,1.454,0.03983539278515819,0.0757047676376495,0.10806915286248628
turn45_failure_halt_hold,1.456,0.038817316271175746,0.07553166575237048,0.10814678749502843
turn45_failure_halt_hold,1.458,0.03782362882957594,0.0753546549854845,0.10822243475268785
turn45_failure_halt_hold,1.46,0.03685609576658845,0.0751740485199377,0.10829614694422124
turn45_failure_halt_hold,1.462,0.03591611037870509,0.07499012955605514,0.10836797916497837
turn45_failure_halt_hold,1.464,0.035006949382566516,0.0748031519524019,0.10843799306374384
turn45_failure_halt_hold,1.466,0.034131546882611906,0.07461333840527826,0.10850625615750871
turn45_failure_halt_hold,1.468,0.03329235436973932,0.07442087989201432,0.10857284086624802
turn45_failure_halt_hold,1.47,0.03249127313850875,0.07422593614166428,0.10863782341252536
turn45_failure_halt_hold,1.472,0.031729643409146545,0.0740286369203619,0.10870128269934336
turn45_failure_halt_hold,1.474,0.03076233234245931,0.07382658972037989,0.10876280736402857
turn45_failure_halt_hold,1.476,0.029829263561442016,0.07362055793585176,0.10882246589115163
turn45_failure_halt_hold,1.478,0.02893248334485338,0.0734112791421671,0.10888033085784093
turn45_failure_halt_hold,1.48,0.02807429954741789,0.07319945591270556,0.10893647945693562
turn45_failure_halt_hold,1.482,0.02725712057527104,0.07298571493190098,0.10899099369808572
turn45_failure_halt_hold,1.484,0.026484791899759396,0.07277062566249315,0.10904396328188495
turn45_failure_halt_hold,1.486,0.025756581387483587,0.07255468481732896,0.10909547644465993
turn45_failure_halt_hold,1.488,0.025074527017656806,0.07233823069316356,0.10914562549869491
turn45_failure_halt_hold,1.49,0.024440544155050335,0.07212157294980899,0.10919450658700487
turn45_failure_halt_hold,1.492,0.023856425745525985,0.07190497373905885,0.10924221943849566
turn45_failure_halt_hold,1.494,0.023336927900745447,0.07168503016254528,0.10928889329429702
turn45_failure_halt_hold,1.496,0.022859202749716714,0.07146291815246728,0.1093346116997967
turn45_failure_halt_hold,1.498,0.022426488353278325,0.07123977840410892,0.1093794646765036
turn45_failure_halt_hold,1.5,0.02204193758600302,0.07101663253484204,0.10942354855167599
turn45_failure_halt_hold,1.502,0.021708582993957656,0.07079438699678595,0.10946696571766404
turn45_failure_halt_hold,1.504,0.02142928775573423,0.07057385144772955,0.10950982429317523
turn45_failure_halt_hold,1.506,0.021206689539048883,0.07035571931112061,0.10955223767225329
turn45_failure_halt_hold,1.508,0.021043141958083725,0.07014056674244248,0.10959432395616932
turn45_failure_halt_hold,1.51,0.02094065751455284,0.06992885571568296,0.10963620527119859
turn45_failure_halt_hold,1.512,0.020900855716471448,0.0697185118833613,0.1096780069826316
turn45_failure_halt_hold,1.514,0.020929724127932463,0.06950560010694849,0.10971986643088776
turn45_failure_halt_hold,1.516,0.02099578671704387,0.06929059674698518,0.109761858004322
turn45_failure_halt_hold,1.518,0.02110208104532312,0.06907384884018677,0.10980406216641284
turn45_failure_halt_hold,1.52,0.021251369689697628,0.0688539595892415,0.10984656490579221
turn45_failure_halt_hold,1.522,0.021434467346284694,0.06863061940760917,0.1098894338404849
turn45_failure_halt_hold,1.524,0.021591233142949973,0.06840358094624872,0.10993261630677072
turn45_failure_halt_hold,1.526,0.021789357524206476,0.06817263547585971,0.10997619502181931
turn45_failure_halt_hold,1.528,0.022056451282859338,0.0679373614006219,0.11002030792438529
turn45_failure_halt_hold,1.53,0.022391933992509546,0.06769705754326948,0.1100650917923704
turn45_failure_halt_hold,1.532,0.022795343689752508,0.06745118413266396,0.11011068247974985
turn45_failure_halt_hold,1.534,0.02334704101093916,0.06721009324418022,0.11015737656177153
turn45_failure_halt_hold,1.536,0.023905647056384986,0.066973048920794,0.11020518785588423
turn45_failure_halt_hold,1.538,0.024475388154108622,0.06673958977955378,0.11025413863219222
turn45_failure_halt_hold,1.54,0.025060724966738147,0.06650944347177176,0.11030426008212564
turn45_failure_halt_hold,1.542,0.025666145776369505,0.06628246475757087,0.11035559237367816
turn45_failure_halt_hold,1.544,0.026295998790193096,0.06605856595410566,0.11040818437125838
turn45_failure_halt_hold,1.546,0.02695435723520637,0.06583780844203681,0.11046209308572853
turn45_failure_halt_hold,1.548,0.02764491188764834,0.06562037939450946,0.1105173829095039
turn45_failure_halt_hold,1.55,0.028373507664462973,0.06540636410111919,0.1105741299248328
turn45_failure_halt_hold,1.552,0.02913855381916495,0.06519586401883944,0.11063240703247104
turn45_failure_halt_hold,1.554,0.02995394811092499,0.0649936834867116,0.1106923149286927
turn45_failure_halt_hold,1.556,0.030756137051806832,0.06479972404101021,0.11075382720279645
turn45_failure_halt_hold,1.558,0.03154847491139263,0.06461397940836068,0.11081692415261914
turn45_failure_halt_hold,1.56,0.03233716816027939,0.0644364620647174,0.11088159848893986
turn45_failure_halt_hold,1.562,0.03312883427148538,0.06426731545188401,0.11094785615748305
turn45_failure_halt_hold,1.564,0.033930118391865355,0.06410670204825944,0.11101571639426669
turn45_failure_halt_hold,1.566,0.03474741287515132,0.0639547754435759,0.1110852112200171
turn45_failure_halt_hold,1.568,0.035586651205399465,0.0638116711963264,0.11115638452242771
turn45_failure_halt_hold,1.57,0.036451297565910326,0.06367756020525107,0.11122928711755957
turn45_failure_halt_hold,1.572,0.03734411107365486,0.0635525552770535,0.11130397533970673
turn45_failure_halt_hold,1.574,0.038336790068384884,0.06343247554938995,0.1113806489198436
turn45_failure_halt_hold,1.576,0.03928435085862909,0.06331759954384551,0.11145921762156079
turn45_failure_halt_hold,1.578,0.040193483409936996,0.06320820287894063,0.11153960458838066
turn45_failure_halt_hold,1.58,0.041071421312774005,0.06310458597995239,0.11162174743100624
turn45_failure_halt_hold,1.582,0.041927195035293956,0.06300694664874203,0.11170560182107692
turn45_failure_halt_hold,1.584,0.04277165961996278,0.06291548032503447,0.11179114514031703
turn45_failure_halt_hold,1.586,0.043615522363583986,0.06283030887406914,0.1118783761850443
turn45_failure_halt_hold,1.588,0.044468923696591604,0.06275151804360422,0.11196731403243729
turn45_failure_halt_hold,1.59,0.04534641173505458,0.06267917098971919,0.11205800685590726
turn45_failure_halt_hold,1.592,0.04625730599364239,0.06261330378721222,0.11215052146789457
turn45_failure_halt_hold,1.594,0.04735125729263613,0.0625525546292148,0.11224522398247976
turn45_failure_halt_hold,1.596,0.04836743001067961,0.06249692916965994,0.11234195884250096
turn45_failure_halt_hold,1.598,0.049314022895776195,0.062446400137854546,0.11244058688829249
turn45_failure_halt_hold,1.6,0.050203366854099686,0.06240094379413848,0.11254099362200086
turn45_failure_halt_hold,1.602,0.051050130735244156,0.06236053676578531,0.11264309388347146
turn45_failure_halt_hold,1.604,0.05186999789505494,0.06232509096939954,0.11274683387926164
turn45_failure_halt_hold,1.606,0.05268096548595543,0.06229458786109247,0.11285219581023376
turn45_failure_halt_hold,1.608,0.0534996508351439,0.0622690132516191,0.11295919511190385
turn45_failure_halt_hold,1.61,0.054346566115628284,0.06224836874731513,0.11306788824413512
turn45_failure_halt_hold,1.612,0.05522344613583777,0.06223263847373431,0.11317833513640677
turn45_failure_halt_hold,1.614,0.0564422834048896,0.06222177936393892,0.1132912197032164
turn45_failure_halt_hold,1.616,0.05755714683625589,0.06221562716609798,0.11340633399688915
turn45_failure_halt_hold,1.618,0.05857538328041021,0.062214021534858846,0.11352348476345028
turn45_failure_halt_hold,1.62,0.0595114908303662,0.06221680366949475,0.11364250774511094
turn45_failure_halt_hold,1.622,0.060384132549397694,0.062223792701181634,0.11376327601020958
turn45_failure_halt_hold,1.624,0.06121186588051204,0.062234874027565376,0.11388569974197028
turn45_failure_halt_hold,1.6260000000000001,0.062016162325333066,0.06224995994657852,0.11400973206662093
turn45_failure_halt_hold,1.6280000000000001,0.06282620025770326,0.06226900528910655,0.11413538446713627
turn45_failure_halt_hold,1.6300000000000001,0.06365134799901732,0.06229197041661381,0.11426268716313426
turn45_failure_halt_hold,1.6320000000000001,0.06450851331982911,0.062318839245455136,0.1143917041897736
turn45_failure_halt_hold,1.6340000000000001,0.06581238299038603,0.06235072866062509,0.11452332895575416
turn45_failure_halt_hold,1.6360000000000001,0.06699902620741188,0.062387370335128006,0.1146573270081689
turn45_failure_halt_hold,1.6380000000000001,0.068082061235135,0.06242852510206206,0.11479349113063908
turn45_failure_halt_hold,1.6400000000000001,0.06906051559344546,0.062473948539426345,0.11493161216182586
turn45_failure_halt_hold,1.6420000000000001,0.06995434200608355,0.06252341504705035,0.11507152084583823
turn45_failure_halt_hold,1.6440000000000001,0.07078932544175891,0.06257673498437841,0.1152130994967215
turn45_failure_halt_hold,1.6460000000000001,0.07159201859444086,0.06263376901274217,0.11535628353391035
turn45_failure_halt_hold,1.6480000000000001,0.07239403174155186,0.0626944753185708,0.11550107159739319
turn45_failure_halt_hold,1.6500000000000001,0.07321045992540226,0.06275885497886284,0.11564749251724415
turn45_failure_halt_hold,1.6520000000000001,0.07405882045980347,0.06282692831715626,0.11579561015816393
turn45_failure_halt_hold,1.6540000000000001,0.07544194542857902,0.06290002065823332,0.11594649404902116
turn45_failure_halt_hold,1.6560000000000001,0.07667145447391238,0.06297776025557812,0.11609983695796879
turn45_failure_halt_hold,1.6580000000000001,0.07774661794726816,0.06305977327778246,0.11625533019386322
turn45_failure_halt_hold,1.6600000000000001,0.07869129563241038,0.06314573227557303,0.11641271278512781
turn45_failure_halt_hold,1.6620000000000001,0.07954879101086891,0.06323539170526729,0.11657181036714971
turn45_failure_halt_hold,1.6640000000000001,0.08032527542263698,0.06332851190106693,0.11673246091799519
turn45_failure_halt_hold,1.666,0.08105487399734218,0.06342491547903556,0.1168945706659897
turn45_failure_halt_hold,1.668,0.0817727049361434,0.06352449014333932,0.11705811607586214
turn45_failure_halt_hold,1.67,0.08250120396898449,0.06362716432185876,0.1172231184838
turn45_failure_halt_hold,1.672,0.08326540903535301,0.06373290472020135,0.11738964930187099
turn45_failure_halt_hold,1.674,0.08462874917576349,0.06384320020704361,0.11755890680022225
turn45_failure_halt_hold,1.676,0.0857859140266108,0.06395755138672501,0.11773047862827575
turn45_failure_halt_hold,1.678,0.08673092720892446,0.0640754422542662,0.11790394048269376
turn45_failure_halt_hold,1.68,0.08748037070427776,0.06419638195915817,0.11807890122410232
turn45_failure_halt_hold,1.682,0.0880668119701458,0.06431994576829068,0.1182550348480425
turn45_failure_halt_hold,1.684,0.0885375937377353,0.06444579927461798,0.11843211003551804
turn45_failure_halt_hold,1.686,0.08895315482474374,0.06457372501641373,0.11861001634516759
turn45_failure_halt_hold,1.688,0.089332094339625,0.06470353933936838,0.1187886805338468
turn45_failure_halt_hold,1.69,0.08971017304451755,0.06483512732357552,0.11896810087993588
turn45_failure_halt_hold,1.692,0.09011454140911053,0.06496842617462013,0.119148329962754
turn45_failure_halt_hold,1.694,0.0911286175970755,0.06510471075791888,0.11933058719794824
turn45_failure_halt_hold,1.696,0.09180793502078985,0.0652432031846983,0.11951420306799003
turn45_failure_halt_hold,1.698,0.09214215168436096,0.06538309950499682,0.11969848737135881
turn45_failure_halt_hold,1.7,0.09216833133256948,0.06552366493992592,0.11988282403402385
turn45_failure_halt_hold,1.702,0.09194991803693917,0.065664287194293,0.12006672387009767
turn45_failure_halt_hold,1.704,0.09154225185723122,0.06580446093352012,0.12024980837381226
turn45_failure_halt_hold,1.706,0.09100317352983779,0.0659437935870244,0.12043181472087226
turn45_failure_halt_hold,1.708,0.09038878766325507,0.06608200276756218,0.12061259229619886
turn45_failure_halt_hold,1.71,0.089750585666811,0.06621890799144259,0.12079209346753239
turn45_failure_halt_hold,1.712,0.08913545802457393,0.06635442218630354,0.12097036438358158
turn45_failure_halt_hold,1.714,0.08818060932063602,0.06648776280538173,0.1211467256022229
turn45_failure_halt_hold,1.716,0.08681568078028505,0.06661802445779653,0.12132035696378346
turn45_failure_halt_hold,1.718,0.08506891057230036,0.06674435565531513,0.12149049478492834
turn45_failure_halt_hold,1.72,0.0845029092127372,0.06686902614568152,0.12165950060335388
turn45_failure_halt_hold,1.722,0.0841671821852999,0.06699241757741643,0.12182783496772447
turn45_failure_halt_hold,1.724,0.08396765013658732,0.06711485511298378,0.12199577026799732
turn45_failure_halt_hold,1.726,0.08389182073646101,0.06723649823471595,0.12216355390947031
turn45_failure_halt_hold,1.728,0.0855827075240761,0.06736075524867159,0.1223347193245187
turn45_failure_halt_hold,1.73,0.08755719113118937,0.06748806895404766,0.12250983370678126
turn45_failure_halt_hold,1.732,0.08974225041358316,0.06761873764800619,0.12268931820760841
turn45_failure_halt_hold,1.734,0.09149355331078143,0.06775172116706994,0.12287230531423007
turn45_failure_halt_hold,1.736,0.09389089586176498,0.06788828924938584,0.12306008710595343
turn45_failure_halt_hold,1.738,0.09641652425410593,0.06802867021074913,0.12325292015446149
turn45_failure_halt_hold,1.74,0.09884644361371389,0.06817263767263972,0.12345061304168915
turn45_failure_halt_hold,1.742,0.10121610433845184,0.06832002913629331,0.12365304525036619
turn45_failure_halt_hold,1.744,0.10347798439519987,0.0684705800820485,0.1238600012191565
turn45_failure_halt_hold,1.746,0.10562038341264654,0.06862399593692399,0.12407124198598164
turn45_failure_halt_hold,1.748,0.1076388956386302,0.0687799624148465,0.12428651977725859
turn45_failure_halt_hold,1.75,0.10953160833549505,0.06893816387171108,0.12450558299392997
turn45_failure_halt_hold,1.752,0.1112439613019595,0.06909817088822182,0.124728070916534
turn45_failure_halt_hold,1.754,0.10678337360909078,0.06924760210448441,0.12494163766375178
turn45_failure_halt_hold,1.756,0.10262445317884947,0.0693870812566411,0.12514688657010928
turn45_failure_halt_hold,1.758,0.09856851569610478,0.06951682627974919,0.12534402360150174
turn45_failure_halt_hold,1.76,0.09448963703887611,0.06963679273716027,0.1255330028755794
turn45_failure_halt_hold,1.762,0.09030299175600252,0.06974675499906213,0.12571360885909136
turn45_failure_halt_hold,1.764,0.08600379073728269,0.06984646606637572,0.12588561644056565
turn45_failure_halt_hold,1.766,0.08160103401825114,0.06993568546258423,0.12604881850860225
turn45_failure_halt_hold,1.768,0.07708772122175088,0.07001414795929012,0.12620299395104603
turn45_failure_halt_hold,1.77,0.07248845428219962,0.07008163247209924,0.12634797085961044
turn45_failure_halt_hold,1.772,0.06782879120788271,0.0701379635847519,0.12648362844202585
turn45_failure_halt_hold,1.774,0.06763514091092108,0.0701919189929756,0.12661889872384796
turn45_failure_halt_hold,1.776,0.06679262655749653,0.07024228277503547,0.12675248397696287
turn45_failure_halt_hold,1.778,0.0653645037964992,0.07028795340386478,0.1268832129845555
turn45_failure_halt_hold,1.78,0.06343015980737078,0.07032797553308628,0.12701007330417
turn45_failure_halt_hold,1.782,0.06104922780076736,0.07036149599820335,0.12713217175977176
turn45_failure_halt_hold,1.784,0.05836934242373662,0.07038793632575385,0.1272489104446196
turn45_failure_halt_hold,1.786,0.055509815984329434,0.07040693627953223,0.12735993007658805
turn45_failure_halt_hold,1.788,0.05257469101538066,0.07041832433822344,0.12746507945861912
turn45_failure_halt_hold,1.79,0.049677133638498766,0.07042212446095622,0.12756443372589607
turn45_failure_halt_hold,1.792,0.04695160528495604,0.07041861749224375,0.12765833693646614
turn45_failure_halt_hold,1.794,0.04485812757287139,0.07040873774601175,0.12774805319161206
turn45_failure_halt_hold,1.796,0.04265746081220874,0.07039241601221505,0.1278333681132363
turn45_failure_halt_hold,1.798,0.04028676573127944,0.07036944445656886,0.1279139416446989
turn45_failure_halt_hold,1.8,0.03774801761016616,0.07033959718758377,0.1279894376799192
turn45_failure_halt_hold,1.802,0.03507599936904481,0.07030268935101648,0.1280595896786571
turn45_failure_halt_hold,1.804,0.03229702653341812,0.07025855655969007,0.12812418373172388
turn45_failure_halt_hold,1.806,0.029474946767683672,0.07020712795117111,0.12818313362525943
turn45_failure_halt_hold,1.808,0.026631819726333987,0.07014834351319978,0.12823639726471203
turn45_failure_halt_hold,1.81,0.02381711656249519,0.07008220502687725,0.12828403149783713
turn45_failure_halt_hold,1.812,0.021095550639861356,0.07000883875324745,0.12832622259911675
turn45_failure_halt_hold,1.814,0.01962914763623066,0.0699301029313795,0.12836548089438932
turn45_failure_halt_hold,1.816,0.018094323875393035,0.06984606057982654,0.12840166954213983
turn45_failure_halt_hold,1.818,0.01648135145115616,0.06975674068856354,0.1284346322450422
turn45_failure_halt_hold,1.82,0.014806967969482313,0.06966217739679707,0.12846424618098093
turn45_failure_halt_hold,1.822,0.013129238456253422,0.06956248461135354,0.1284905046578937
turn45_failure_halt_hold,1.824,0.011533698872747002,0.06945790712680426,0.128513572055639
turn45_failure_halt_hold,1.826,0.010117812654263583,0.06934884377093599,0.1285338076809475
turn45_failure_halt_hold,1.828,0.0090659198633789,0.06923600886571064,0.12855193952067437
turn45_failure_halt_hold,1.83,0.008526268767657753,0.06912039902038404,0.12856899205820968
turn45_failure_halt_hold,1.832,0.008626594555681514,0.06900323255774075,0.1285862452473208
turn45_failure_halt_hold,1.834,0.007253397503429955,0.06888069702849947,0.12860075204232746
turn45_failure_halt_hold,1.836,0.006308347681553256,0.06875388180525753,0.1286133687376907
turn45_failure_halt_hold,1.838,0.005837704319832761,0.06862393717013304,0.12862504414633064
turn45_failure_halt_hold,1.84,0.005894540047412304,0.06849212056889407,0.12863683322642533
turn45_failure_halt_hold,1.842,0.006448177485681539,0.0683595908034907,0.1286497295813969
turn45_failure_halt_hold,1.844,0.00739058849804098,0.06822723994603098,0.12866451075839258
turn45_failure_halt_hold,1.846,0.008589830275957487,0.06809564406799472,0.12868169041894448
turn45_failure_halt_hold,1.848,0.009932752109346486,0.06796509076732031,0.12870155592316349
turn45_failure_halt_hold,1.85,0.01142213603770711,0.06783584315699898,0.12872440019523876
turn45_failure_halt_hold,1.852,0.012985978065741883,0.06770798060652773,0.12875037215137047
turn45_failure_halt_hold,1.854,0.013253034659692617,0.06757785639560382,0.12877687822069017
turn45_failure_halt_hold,1.856,0.013867184569047368,0.06744647330930213,0.12880461258982853
turn45_failure_halt_hold,1.858,0.014712849200880625,0.06731460266509665,0.12883403828823045
turn45_failure_halt_hold,1.86,0.015728217301581193,0.0671828473968016,0.12886549472283373
turn45_failure_halt_hold,1.862,0.016868903126557578,0.06705162808668985,0.12889923252908692
turn45_failure_halt_hold,1.864,0.018097109147092345,0.06692128142282561,0.12893542674738157
turn45_failure_halt_hold,1.866,0.0193841225820092,0.06679201915447086,0.12897419499254578
turn45_failure_halt_hold,1.868,0.020716647729352757,0.06666395688677008,0.1290156282880043
turn45_failure_halt_hold,1.87,0.022092352689892555,0.06653716125651483,0.1290598129933841
turn45_failure_halt_hold,1.872,0.023501556362151167,0.0664116300000583,0.12910681610610836
turn45_failure_halt_hold,1.874,0.02402744764895509,0.06628440131449477,0.12915487100140588
turn45_failure_halt_hold,1.8760000000000001,0.024726016033358302,0.06615623714491166,0.12920432303347257
turn45_failure_halt_hold,1.8780000000000001,0.025559658801211645,0.06602783805037235,0.12925544235107525
turn45_failure_halt_hold,1.8800000000000001,0.026499788298994974,0.0658998102945709,0.12930844192767352
turn45_failure_halt_hold,1.8820000000000001,0.027524871951382833,0.06577265136782544,0.12936349167157624
turn45_failure_halt_hold,1.8840000000000001,0.028618664605458,0.06564674319802734,0.12942072900078733
turn45_failure_halt_hold,1.8860000000000001,0.029766950698395588,0.06552229533437447,0.12948026290218442
turn45_failure_halt_hold,1.8880000000000001,0.030956163056161234,0.06539946718706698,0.1295421752282964
turn45_failure_halt_hold,1.8900000000000001,0.03218026135253185,0.0652783304281252,0.1296065357510014
turn45_failure_halt_hold,1.8920000000000001,0.0334342348459732,0.06515889405807095,0.12967340422069293
turn45_failure_halt_hold,1.8940000000000001,0.03401831588108717,0.06503863477171898,0.12974144085245504
turn45_failure_halt_hold,1.8960000000000001,0.034733468026358016,0.06491849776132382,0.12981090778850798
turn45_failure_halt_hold,1.8980000000000001,0.03555527738539533,0.0647993906932918,0.12988201834327848
turn45_failure_halt_hold,1.9000000000000001,0.03646471796617882,0.06468210171866472,0.12995494777921066
turn45_failure_halt_hold,1.9020000000000001,0.03744697261392157,0.0645672665016691,0.13002984172443846
turn45_failure_halt_hold,1.9040000000000001,0.03849045798472957,0.06445538656003275,0.1301068226404079
turn45_failure_halt_hold,1.9060000000000001,0.03958753951171213,0.06434683270858817,0.13018599771943096
turn45_failure_halt_hold,1.9080000000000001,0.04072946798070723,0.06424184657772836,0.13026745665539216
turn45_failure_halt_hold,1.9100000000000001,0.041910402666741044,0.0641405557408966,0.130351277460726
turn45_failure_halt_hold,1.9120000000000001,0.043122047996643806,0.06404297792975362,0.13043752155671945
turn45_failure_halt_hold,1.9140000000000001,0.043780048722118464,0.0639487983379285,0.1305250816541639
turn45_failure_halt_hold,1.9160000000000001,0.044573889171073564,0.06385910769730752,0.13061422943250622
turn45_failure_halt_hold,1.9180000000000001,0.04546352495995878,0.0637723772524947,0.13070515648242598
turn45_failure_halt_hold,1.92,0.04643534173964746,0.06368820081832181,0.13079802716590563
turn45_failure_halt_hold,1.922,0.047478573531255105,0.06360648678954242,0.13089298431296847
turn45_failure_halt_hold,1.924,0.048584184137721746,0.06352719432201274,0.13099015268124403
turn45_failure_halt_hold,1.926,0.049744514302965046,0.06344720446360201,0.13108964170985013
turn45_failure_halt_hold,1.928,0.050952760581199685,0.06336594207284384,0.13119154723101278
turn45_failure_halt_hold,1.93,0.052195157019961594,0.0632830841366966,0.13129593754505228
turn45_failure_halt_hold,1.932,0.05346771252772129,0.06319837316544986,0.1314028729701076
turn45_failure_halt_hold,1.934,0.054147704912122625,0.06311330239152241,0.13151116837993157
turn45_failure_halt_hold,1.936,0.05493216197211922,0.06302683988744934,0.1316210327038758
turn45_failure_halt_hold,1.938,0.0558093429448467,0.06293889121913762,0.13173265138976567
turn45_failure_halt_hold,1.94,0.05676899796370784,0.06284955761955913,0.13184618938569295
turn45_failure_halt_hold,1.942,0.05780210475574045,0.06275915332386427,0.13196179359520468
turn45_failure_halt_hold,1.944,0.058900443515660525,0.062667909740756,0.13207959448223586
turn45_failure_halt_hold,1.946,0.060051429367834995,0.06257609687079704,0.13219969734097184
turn45_failure_halt_hold,1.948,0.06125495094064758,0.06248398828638425,0.13232220724285312
turn45_failure_halt_hold,1.95,0.06250559540812545,0.062391856452670154,0.13244721843366902
turn45_failure_halt_hold,1.952,0.06379828327846657,0.06229997494841248,0.13257481500022597
turn45_failure_halt_hold,1.954,0.06461463302629754,0.062217572388531726,0.13270404426627855
turn45_failure_halt_hold,1.956,0.06552288596759981,0.06214433454068448,0.13283509003821392
turn45_failure_halt_hold,1.958,0.06651241469987322,0.06208030899244878,0.13296811486761384
turn45_failure_halt_hold,1.96,0.06757194243494682,0.06202585284707918,0.13310325875248386
turn45_failure_halt_hold,1.962,0.06869457532467961,0.06198131481626096,0.13324064790313347
turn45_failure_halt_hold,1.964,0.06987388084191103,0.06194704755124047,0.13338039566481724
turn45_failure_halt_hold,1.966,0.07110387238100048,0.061923472477595644,0.13352260340957905
turn45_failure_halt_hold,1.968,0.07237899736934529,0.061910949511220885,0.13366736140431795
turn45_failure_halt_hold,1.97,0.07369412645423681,0.06190977152134025,0.13381474965722606
turn45_failure_halt_hold,1.972,0.07504454226948304,0.061920163741185835,0.13396483874176493
turn45_failure_halt_hold,1.974,0.07586182936430405,0.061933035617411446,0.1341165624004937
turn45_failure_halt_hold,1.976,0.0767597647272266,0.06194978268917722,0.13427008192994777
turn45_failure_halt_hold,1.978,0.07773210992702503,0.06197166649181531,0.13442554614980173
turn45_failure_halt_hold,1.98,0.07877284400620248,0.06199983244275597,0.13458309183781425
turn45_failure_halt_hold,1.982,0.07987594009391125,0.06203526933897016,0.13474284371800235
turn45_failure_halt_hold,1.984,0.08103564978373909,0.06207868095283991,0.13490491501756988
turn45_failure_halt_hold,1.986,0.08224653089816758,0.062130536600513576,0.1350694080793661
turn45_failure_halt_hold,1.988,0.08350686462911082,0.062191109871958174,0.1352364218086244
turn45_failure_halt_hold,1.99,0.08481263494640706,0.06226045456976532,0.135406047078517
turn45_failure_halt_hold,1.992,0.0861589979813045,0.062338344713300756,0.13557836507447937
turn45_failure_halt_hold,1.994,0.0871083845771696,0.062422125907587715,0.13575258184363354
turn45_failure_halt_hold,1.996,0.08809892723223363,0.06251212855082965,0.1359287796980979
turn45_failure_halt_hold,1.998,0.08913727474375562,0.06260881267143818,0.13610705424758548
turn45_failure_halt_hold,2.0,0.09021960795032692,0.06271261721046958,0.13628749346348643
normal_stop_hold_control,0.002,0.04239903590442417,0.07060377122485255,8.479807180893588e-05
normal_stop_hold_control,0.004,0.040045405906536886,0.07056461056260474,0.0001648888836220877
normal_stop_hold_control,0.006,0.03752780348204365,0.07051849267129891,0.00023994449058614608
normal_stop_hold_control,0.008,0.034872452630346745,0.07046514715718152,0.000309689395846584
normal_stop_hold_control,0.01,0.03209891347758598,0.07040432336197748,0.00037388722280153313
normal_stop_hold_control,0.012,0.029278119473820488,0.07033589155848262,0.00043244346174944664
normal_stop_hold_control,0.014,0.026442785979825162,0.07025975889250649,0.0004853290337091207
normal_stop_hold_control,0.016,0.023635329046109675,0.0701759087056195,0.0005325996918013058
normal_stop_hold_control,0.018000000000000002,0.020913184827089468,0.07008442232238561,0.0005744260614551986
normal_stop_hold_control,0.02,0.019423090349433427,0.06998776539131918,0.0006132722421539941
normal_stop_hold_control,0.022,0.01786497702909949,0.06988587285384479,0.0006490021962120287
normal_stop_hold_control,0.024,0.016242988124695917,0.06977869456098557,0.0006814881724611909
normal_stop_hold_control,0.026000000000000002,0.014549556526753082,0.06966615362619823,0.0007105872855147094
normal_stop_hold_control,0.028,0.012861540339986665,0.0695483048202932,0.000736310366194755
normal_stop_hold_control,0.03,0.011258341328664859,0.06942533383522287,0.0007588270488521621
normal_stop_hold_control,0.032,0.009846562133104466,0.0692976103175276,0.0007785201731182203
normal_stop_hold_control,0.034,0.008817880246533913,0.06916585702148233,0.0007961559336112597
normal_stop_hold_control,0.036000000000000004,0.008327982280480737,0.06903108555849753,0.0008128118981722406
normal_stop_hold_control,0.038,0.00850323004202547,0.06889453385038397,0.0008298183582563771
normal_stop_hold_control,0.04,0.007170344436163361,0.06875296765354243,0.0008441590471286389
normal_stop_hold_control,0.042,0.006269670162312933,0.06860737122036267,0.0008566983874531251
normal_stop_hold_control,0.044,0.005867549938348958,0.06845882552210109,0.0008684334873300148
normal_stop_hold_control,0.046,0.006004847973775311,0.06830850808628904,0.0008804431832773886
normal_stop_hold_control,0.048,0.006641058582231954,0.06815750400949391,0.0008937253004421862
normal_stop_hold_control,0.05,0.00764414146369315,0.06800659636643623,0.0009090135833693308
normal_stop_hold_control,0.052000000000000005,0.008850326544271302,0.06785619958536274,0.0009267142364576717
normal_stop_hold_control,0.054,0.010214469490054364,0.06770659435025689,0.0009471431754375651
normal_stop_hold_control,0.056,0.01173683021551424,0.06755803053390604,0.0009706168358683649
normal_stop_hold_control,0.058,0.013319933467643732,0.06741053618658344,0.0009972567028040792
normal_stop_hold_control,0.06,0.013631484078054722,0.06726121349264835,0.0010245196709606262
normal_stop_hold_control,0.062,0.014267705241731406,0.0671108851795635,0.0010530550814444384
normal_stop_hold_control,0.064,0.01512793870065488,0.06696019514595111,0.0010833109588457967
normal_stop_hold_control,0.066,0.016153235434770895,0.06680965520457821,0.0011156174297150259
normal_stop_hold_control,0.068,0.017301262149678535,0.06665959092969127,0.001150219954014429
normal_stop_hold_control,0.07,0.018538321074917326,0.06651027733292902,0.0011872965961639964
normal_stop_hold_control,0.07200000000000001,0.019833138794438696,0.06636187103113114,0.001226962873752963
normal_stop_hold_control,0.074,0.02117283937477221,0.06621445014383981,0.0012693085525028833
normal_stop_hold_control,0.076,0.022554090002062363,0.06606804186943106,0.001314416732507217
normal_stop_hold_control,0.078,0.02396908842640486,0.06592261588790665,0.0013623549093596525
normal_stop_hold_control,0.08,0.024496208415306173,0.06577597593196799,0.0014113473261902533
normal_stop_hold_control,0.082,0.02519459178397501,0.0656287445450347,0.001461736509758035
normal_stop_hold_control,0.084,0.026027540496794035,0.06548150890836714,0.001513791590751635
normal_stop_hold_control,0.08600000000000001,0.0269670502834342,0.06533478289803984,0.0015677256913182596
normal_stop_hold_control,0.088,0.027991925086295406,0.06518898799170567,0.001623709541491063
normal_stop_hold_control,0.09,0.029086085160622686,0.06504444580345894,0.0016818817118125445
normal_stop_hold_control,0.092,0.03023720099847035,0.06490131405191925,0.0017423561138093545
normal_stop_hold_control,0.094,0.03143077690355393,0.06475971319599394,0.0018052176676164003
normal_stop_hold_control,0.096,0.032659322525519605,0.06461968103750174,0.0018705363126672154
normal_stop_hold_control,0.098,0.0339168132055963,0.06448120248978824,0.001938369939078137
normal_stop_hold_control,0.1,0.034497263955220986,0.06434273357713194,0.0020073644669882868
normal_stop_hold_control,0.10200000000000001,0.03520906058216626,0.06420510473099524,0.0020777825881524016
normal_stop_hold_control,0.10400000000000001,0.03602811299509795,0.0640691017753746,0.0021498388141425
normal_stop_hold_control,0.106,0.0369355801065815,0.06393538846491562,0.0022237099743557002
normal_stop_hold_control,0.108,0.03791672811901819,0.0638045181648333,0.002299543430593948
normal_stop_hold_control,0.11,0.03895998789477828,0.06367692136544294,0.0023774634063834133
normal_stop_hold_control,0.112,0.04005619532148812,0.0635529043651066,0.0024575757970266435
normal_stop_hold_control,0.114,0.041199529917247,0.0634326586363536,0.0025399748568611514
normal_stop_hold_control,0.116,0.04238259272739459,0.06331626633992868,0.002624740042316025
normal_stop_hold_control,0.11800000000000001,0.04359655924471234,0.06320370999759096,0.002711933160805633
normal_stop_hold_control,0.12,0.044252274783218276,0.06309293298864595,0.0028004377103722786
normal_stop_hold_control,0.122,0.04504502567501421,0.06298377829982232,0.0028905277617223626
normal_stop_hold_control,0.124,0.04593359642333674,0.06287640519754822,0.0029823949545691947
normal_stop_hold_control,0.126,0.046905077246944114,0.06277101583004613,0.0030762051090631164
normal_stop_hold_control,0.128,0.04794869383436001,0.06266404713477403,0.003172102496732173
normal_stop_hold_control,0.13,0.04905537344732204,0.06255542745820723,0.003270213243626844
normal_stop_hold_control,0.132,0.050217403268293694,0.062445047589180944,0.003370648050163751
normal_stop_hold_control,0.134,0.0514264835061372,0.0623328397330427,0.003473501017176116
normal_stop_hold_control,0.136,0.05267028231018615,0.06221754395395223,0.003578841581796195
normal_stop_hold_control,0.138,0.05394475859308219,0.06209833995256712,0.00368673109898254
normal_stop_hold_control,0.14,0.05462237314544564,0.06198113298481082,0.0037959758452733696
normal_stop_hold_control,0.14200000000000002,0.055404909448513145,0.0618656813920528,0.0039067856641702555
normal_stop_hold_control,0.14400000000000002,0.05628066934630486,0.061752012768028976,0.004019347002862952
normal_stop_hold_control,0.146,0.05723941838236411,0.06164032943036768,0.004133825839627659
normal_stop_hold_control,0.148,0.058272129887908614,0.061530998542436634,0.004250370099403267
normal_stop_hold_control,0.15,0.059370636471706754,0.061424313293796134,0.004369111372346744
normal_stop_hold_control,0.152,0.060526189076743155,0.061320557744635684,0.00449016375050011
normal_stop_hold_control,0.154,0.06173491785556896,0.06122016905174725,0.004613633586211138
normal_stop_hold_control,0.156,0.06299011159965928,0.061123388056459095,0.00473961380941017
normal_stop_hold_control,0.158,0.06428575209152669,0.06103043573315163,0.004868185313593073
normal_stop_hold_control,0.16,0.06509733183220236,0.0609440867937832,0.004998379977257135
normal_stop_hold_control,0.162,0.06600142368597688,0.060864627486267794,0.005130382824629068
normal_stop_hold_control,0.164,0.06698756000787032,0.06079272748434898,0.005264357944645033
normal_stop_hold_control,0.166,0.06804425076208333,0.06072905492023894,0.005400446446169532
normal_stop_hold_control,0.168,0.06916458768283858,0.06067415486893416,0.005538775621535148
normal_stop_hold_control,0.17,0.07034211904251601,0.06062871734257963,0.005679459859620435
normal_stop_hold_control,0.17200000000000001,0.07157083568971245,0.060593274274503194,0.005822601530999514
normal_stop_hold_control,0.17400000000000002,0.07284516030334685,0.0605683178127852,0.005968291851606021
normal_stop_hold_control,0.176,0.07415993746321035,0.060554237768260175,0.006116611726532547
normal_stop_hold_control,0.178,0.07551042308318731,0.06055138770291672,0.006267632572698823
normal_stop_hold_control,0.18,0.07632845844711275,0.060552014250362364,0.00642028948959318
normal_stop_hold_control,0.182,0.07722733301974334,0.06055732275888273,0.006574744155632901
normal_stop_hold_control,0.184,0.07820060079049514,0.06056848492683547,0.00673114535721386
normal_stop_hold_control,0.186,0.07924200741774913,0.06058655290420915,0.006889629372049095
normal_stop_hold_control,0.188,0.08034553838962852,0.06061237910463671,0.007050320448828382
normal_stop_hold_control,0.19,0.08150545638102709,0.0606466416893451,0.0072133313615901865
normal_stop_hold_control,0.192,0.08271670457633008,0.06068982768794927,0.007378764770742953
normal_stop_hold_control,0.194,0.08397867162604174,0.06074225161461406,0.007546722113995323
normal_stop_hold_control,0.196,0.08528610653396944,0.06080407363473012,0.0077172943270632606
normal_stop_hold_control,0.198,0.08663417543894711,0.06087532501577584,0.00789056267794145
normal_stop_hold_control,0.2,0.08757699526455329,0.06095174804192853,0.008065716668470706
normal_stop_hold_control,0.202,0.08857221188413687,0.06103381846276676,0.0082428610922387
normal_stop_hold_control,0.20400000000000001,0.08961564965585575,0.06112203605367924,0.008422092391550126
normal_stop_hold_control,0.20600000000000002,0.09070342150153818,0.06121687187276702,0.008603499234553126
normal_stop_hold_control,0.20800000000000002,0.09183185984247608,0.061318738391414634,0.0087871629542384
normal_stop_hold_control,0.21,0.0929993016079582,0.06142797906079835,0.008973161557454284
normal_stop_hold_control,0.212,0.09420801326196598,0.06154485409505227,0.009161577583978257
normal_stop_hold_control,0.214,0.09545477427094361,0.06166950157708138,0.00935248713252013
normal_stop_hold_control,0.216,0.09673660449983205,0.06180205463870546,0.009545960341520119
normal_stop_hold_control,0.218,0.09805061254790078,0.06194257188619586,0.009742061566616233
normal_stop_hold_control,0.22,0.0991421787881354,0.06208790497239731,0.009940345924192576
normal_stop_hold_control,0.222,0.1002435624493573,0.062238361596207284,0.010140833049091092
normal_stop_hold_control,0.224,0.10135522503959944,0.062394253749346894,0.010343543499169989
normal_stop_hold_control,0.226,0.10247784195137764,0.06255585776531318,0.010548499183072983
normal_stop_hold_control,0.228,0.10361228758755081,0.06272339882560284,0.010755723758247963
normal_stop_hold_control,0.23,0.10475957563971658,0.06289705046666647,0.010965242909527502
normal_stop_hold_control,0.232,0.1059207848987114,0.0630768620894967,0.011177084479324797
normal_stop_hold_control,0.234,0.10709372428652073,0.06326285157166801,0.011391271927897947
normal_stop_hold_control,0.23600000000000002,0.10827772696448908,0.06345496057128641,0.011607827381826667
normal_stop_hold_control,0.23800000000000002,0.10948013696260332,0.06365299408366396,0.01182678765575186
normal_stop_hold_control,0.24,0.11068953501545864,0.06385580102472892,0.012048166725782853
normal_stop_hold_control,0.242,0.11184219100286419,0.06406328158152792,0.01227185110778891
normal_stop_hold_control,0.244,0.1129425986588595,0.06427542013167306,0.012497736305106772
normal_stop_hold_control,0.246,0.11399757260857815,0.06449224637989269,0.012725731450323656
normal_stop_hold_control,0.248,0.11501542505097943,0.06471375116740649,0.012955762300425498
normal_stop_hold_control,0.25,0.11600356435152853,0.06493994663566935,0.01318776942912852
normal_stop_hold_control,0.252,0.11696959649225953,0.06517062716030544,0.013421708622112772
normal_stop_hold_control,0.254,0.1179210227892604,0.06540420484627857,0.01365755066769121
normal_stop_hold_control,0.256,0.11886381643472162,0.06563748287176951,0.013895278300560759
normal_stop_hold_control,0.258,0.11979728913416966,0.0658696088574607,0.014134872878829051
normal_stop_hold_control,0.26,0.12115046115511063,0.06610350586303736,0.014377173801139063
normal_stop_hold_control,0.262,0.12233852400657932,0.06633796968996407,0.01462185084915192
normal_stop_hold_control,0.264,0.12337063747044223,0.06657229912673619,0.01486859212409313
normal_stop_hold_control,0.266,0.12426055192209835,0.06680601963115843,0.015117113227937042
normal_stop_hold_control,0.268,0.12502500850192888,0.06703876697196672,0.015367163244940574
normal_stop_hold_control,0.27,0.12568244712674287,0.06727025682456268,0.015618528139194314
normal_stop_hold_control,0.272,0.1263094484117208,0.06750038183362309,0.01587114703601793
normal_stop_hold_control,0.274,0.12685122021133072,0.06772892654274647,0.01612484947644086
normal_stop_hold_control,0.276,0.1273298248555726,0.06795571299851454,0.01637950912615212
normal_stop_hold_control,0.278,0.12776285703522378,0.06818059877282974,0.01663503484022286
normal_stop_hold_control,0.28,0.12932239368409357,0.06840703237515619,0.016893679627590773
normal_stop_hold_control,0.28200000000000003,0.13038562490986835,0.06863377040829675,0.017154450877410337
normal_stop_hold_control,0.28400000000000003,0.13111425826745893,0.06885996707857263,0.01741667939394493
normal_stop_hold_control,0.28600000000000003,0.13154495691332488,0.0690848971883957,0.017679769307771827
normal_stop_hold_control,0.28800000000000003,0.1316988321988038,0.06930790730746618,0.01794316697216915
normal_stop_hold_control,0.29,0.13161356909244126,0.06952843787355754,0.01820639411035435
normal_stop_hold_control,0.292,0.13136872133682836,0.0697461003574342,0.01846913155302806
normal_stop_hold_control,0.294,0.13098008097166294,0.06996054763208083,0.01873109171497154
normal_stop_hold_control,0.296,0.1304759010709422,0.07017150304409582,0.018992043517113744
normal_stop_hold_control,0.298,0.12989025996488962,0.07037876046502578,0.019251824037043234
normal_stop_hold_control,0.3,0.13140887017412944,0.07058749941083044,0.01951464177739176
normal_stop_hold_control,0.302,0.13234155298953648,0.07079635359319944,0.01977932488337066
normal_stop_hold_control,0.304,0.13269831903719148,0.07100402069254073,0.02004472152144503
normal_stop_hold_control,0.306,0.13254750678799915,0.0712093645488746,0.020309816535020658
normal_stop_hold_control,0.308,0.13196860043420264,0.07141142889510282,0.020573753735889364
normal_stop_hold_control,0.31,0.13101354861981815,0.071609376344891,0.020835780833129112
normal_stop_hold_control,0.312,0.1297463984410596,0.07180250851094697,0.021095273630010975
normal_stop_hold_control,0.314,0.12823069527041012,0.0719902622402884,0.021351735020551425
normal_stop_hold_control,0.316,0.12652754969774996,0.07217220289623306,0.021604790119947138
normal_stop_hold_control,0.318,0.12469427186305623,0.07234801551961913,0.021854178663673358
normal_stop_hold_control,0.32,0.12481183257295958,0.07252243900140495,0.022103802328819075
normal_stop_hold_control,0.322,0.12541227850224418,0.07269625064727796,0.022354626885823604
normal_stop_hold_control,0.324,0.12593232110228322,0.07286912898012524,0.022606491528028322
normal_stop_hold_control,0.326,0.126433065997915,0.07304090313749562,0.02285935766002451
normal_stop_hold_control,0.328,0.12770230395959786,0.07321299487430737,0.023114762267943872
normal_stop_hold_control,0.33,0.12929648082059844,0.07338595278444678,0.023373355229585016
normal_stop_hold_control,0.332,0.13111093810735383,0.0735601277234791,0.023635577105799572
normal_stop_hold_control,0.334,0.1331472412250742,0.07373588349317735,0.023901871588249787
normal_stop_hold_control,0.336,0.13570803560268987,0.07391419766961319,0.02417328765945524
normal_stop_hold_control,0.338,0.13870770401722413,0.07409589256016064,0.024450703067489667
normal_stop_hold_control,0.34,0.13813796762579644,0.07427492238310289,0.02472697900274139
normal_stop_hold_control,0.342,0.13792706374062305,0.07445181213631465,0.02500283313022274
normal_stop_hold_control,0.34400000000000003,0.13794977791642518,0.07462685841888886,0.02527873268605536
normal_stop_hold_control,0.34600000000000003,0.13810249423359366,0.07480014282404948,0.02555493767452238
normal_stop_hold_control,0.34800000000000003,0.1383186503436878,0.0749716085783411,0.02583157497520966
normal_stop_hold_control,0.35000000000000003,0.13856289095195137,0.07514117848617664,0.02610870075711342
normal_stop_hold_control,0.352,0.1387702731356015,0.0753086621969922,0.02638624130338458
normal_stop_hold_control,0.354,0.1389237738376491,0.07547385717982667,0.026664088851060055
normal_stop_hold_control,0.356,0.13904804215981834,0.07563662319237771,0.026942184935379507
normal_stop_hold_control,0.358,0.139133159177088,0.07579681141580764,0.027220451253733412
normal_stop_hold_control,0.36,0.13517976159731382,0.07594742508584768,0.027490810776927905
normal_stop_hold_control,0.362,0.1313245051252895,0.07608847626882159,0.027753459787178376
normal_stop_hold_control,0.364,0.12749046068318362,0.07621984065928619,0.028008440708544722
normal_stop_hold_control,0.366,0.12367806784706634,0.07634141471057673,0.028255796844238894
normal_stop_hold_control,0.368,0.11981812471129821,0.07645297826724903,0.02849543309366132
normal_stop_hold_control,0.37,0.11590380755125272,0.07655431037922991,0.028727240708764024
normal_stop_hold_control,0.372,0.11193451299881318,0.07664520087792079,0.02895110973476187
normal_stop_hold_control,0.374,0.10791431486491704,0.07672545889304809,0.029166938364491704
normal_stop_hold_control,0.376,0.10386114674751483,0.07679493975516238,0.029374660657986877
normal_stop_hold_control,0.378,0.09979126648684054,0.0768535408454184,0.029574243190960796
normal_stop_hold_control,0.38,0.0987192246952194,0.07690829102769581,0.029771681640351086
normal_stop_hold_control,0.382,0.09742848006881669,0.07695858987954585,0.029966538600488465
normal_stop_hold_control,0.384,0.09593197757844006,0.07700387631234687,0.030158402555645066
normal_stop_hold_control,0.386,0.0942547778242906,0.07704365243923667,0.030346912111293714
normal_stop_hold_control,0.388,0.09240934935710644,0.07707745790677067,0.03053173081000772
normal_stop_hold_control,0.39,0.09048088954220616,0.07710501477624584,0.030712692589092278
normal_stop_hold_control,0.392,0.08846094931490084,0.07712603958713739,0.03088961448772213
normal_stop_hold_control,0.394,0.08638077477806344,0.07714032205745569,0.031062376037278006
normal_stop_hold_control,0.396,0.08429024438485595,0.07714775305271214,0.031230956526047626
normal_stop_hold_control,0.398,0.08221347905498162,0.07714828075022338,0.0313953834841576
normal_stop_hold_control,0.4,0.08059701578002106,0.07714364336034535,0.031556577515717395
normal_stop_hold_control,0.402,0.07892472556634339,0.07713364984738694,0.031714426966850104
normal_stop_hold_control,0.404,0.07719675900337622,0.07711808852429235,0.03186882048485702
normal_stop_hold_control,0.406,0.075421516062055,0.07709677394693483,0.03201966351698129
normal_stop_hold_control,0.40800000000000003,0.07359667274388096,0.0770695173792174,0.03216685686246881
normal_stop_hold_control,0.41000000000000003,0.07175719141161728,0.0770362070838416,0.03231037124529218
normal_stop_hold_control,0.41200000000000003,0.06991213795627078,0.07699674912962619,0.03245019552120494
normal_stop_hold_control,0.41400000000000003,0.0680800969432311,0.0769510927751391,0.03258635571509133
normal_stop_hold_control,0.41600000000000004,0.0662737633819971,0.07689922029130283,0.03271890324185503
normal_stop_hold_control,0.418,0.0645039994831315,0.07684114126067021,0.03284791124082122
normal_stop_hold_control,0.42,0.06344975066578383,0.07677881109773414,0.03297481074215289
normal_stop_hold_control,0.422,0.062352743400229775,0.07671210689730115,0.033099516228953324
normal_stop_hold_control,0.424,0.061234369765348434,0.07664095009852633,0.033221984968483664
normal_stop_hold_control,0.426,0.06010520816402788,0.0765652839710758,0.03334219538481151
normal_stop_hold_control,0.428,0.05899527975864894,0.0764851095770968,0.03346018594432882
normal_stop_hold_control,0.43,0.05790926596974531,0.07640043756800281,0.03357600447626802
normal_stop_hold_control,0.432,0.05684389598485193,0.07631127193042547,0.03368969226823752
normal_stop_hold_control,0.434,0.05580707138983498,0.0762176321342237,0.03380130641101727
normal_stop_hold_control,0.436,0.054805051034872855,0.0761195701179573,0.03391091651308695
normal_stop_hold_control,0.438,0.053842360298686276,0.07601713398934079,0.034018601233684616
normal_stop_hold_control,0.44,0.052586584836013674,0.07590984154011332,0.03412377440335649
normal_stop_hold_control,0.442,0.051345812576047443,0.07579780810939006,0.03422646602850891
normal_stop_hold_control,0.444,0.05011856223331424,0.07568114047547189,0.03432670315297576
normal_stop_hold_control,0.446,0.048906063833910066,0.07555993914254759,0.03442451528064383
normal_stop_hold_control,0.448,0.04770620219475212,0.07543428941118037,0.03451992768503331
normal_stop_hold_control,0.45,0.04651657812776607,0.07530425942746333,0.03461296084128871
normal_stop_hold_control,0.452,0.04534488503095701,0.07516991973831826,0.03470365061135095
normal_stop_hold_control,0.454,0.044191803993873326,0.07503132925939594,0.03479203421933847
normal_stop_hold_control,0.456,0.04307266369490496,0.0748885650487286,0.0348781795467281
normal_stop_hold_control,0.458,0.041996517474027176,0.07474173361445167,0.03496217258167605
normal_stop_hold_control,0.46,0.04093909294299174,0.07459016894260982,0.03504405076756205
normal_stop_hold_control,0.462,0.039908853440696015,0.07443422136553414,0.035123868474443265
normal_stop_hold_control,0.464,0.03890603533609763,0.07427422829039584,0.03520168054511563
normal_stop_hold_control,0.466,0.03793193202069906,0.07411050656655334,0.03527754440915692
normal_stop_hold_control,0.468,0.036987531501187006,0.0739433454004415,0.035351519472159317
normal_stop_hold_control,0.47000000000000003,0.03607570138942517,0.07377300629376013,0.035423670874938216
normal_stop_hold_control,0.47200000000000003,0.03519898874106891,0.07359972069466464,0.03549406885242038
normal_stop_hold_control,0.47400000000000003,0.03435947831709705,0.07342368901200413,0.03556278780905482
normal_stop_hold_control,0.47600000000000003,0.03356048106372383,0.07324508425190392,0.03562990877118217
normal_stop_hold_control,0.47800000000000004,0.03279985989517151,0.07306405955267019,0.03569550849097226
normal_stop_hold_control,0.48,0.031827633947875654,0.07287819372882093,0.03575916375886777
normal_stop_hold_control,0.482,0.030889904632797567,0.07268821569432414,0.03582094356813356
normal_stop_hold_control,0.484,0.02998791378707697,0.07249484006422947,0.035880919395707304
normal_stop_hold_control,0.486,0.02912322893718852,0.07229876076256367,0.035939165853581735
normal_stop_hold_control,0.488,0.028297622212171768,0.07210057129898512,0.035995761098005716
normal_stop_hold_control,0.49,0.02751290251151073,0.07190080821135895,0.03605078690302847
normal_stop_hold_control,0.492,0.02677081407038731,0.07169990682106199,0.03610432853116937
normal_stop_hold_control,0.494,0.026073072754401454,0.071498254475318,0.036156474676677805
normal_stop_hold_control,0.496,0.025421378849452985,0.07129617077098997,0.03620731743437637
normal_stop_hold_control,0.498,0.024817350560000957,0.07109391136147532,0.03625695213549643
normal_stop_hold_control,0.5,0.024269256323609815,0.07088758005354591,0.03630549064814369
normal_stop_hold_control,0.502,0.023761819179546867,0.07067839625549838,0.03635301428650296
normal_stop_hold_control,0.504,0.023297951104762352,0.07046755653828927,0.03639961018871271
normal_stop_hold_control,0.506,0.022880510046779462,0.0702561753816681,0.036445371208806296
normal_stop_hold_control,0.508,0.022512276226576578,0.07004519617660715,0.036490395761259536
normal_stop_hold_control,0.51,0.022195914655228362,0.06983546435288031,0.036534787590569946
normal_stop_hold_control,0.512,0.02193392995526372,0.06962770506926756,0.03657865545048016
normal_stop_hold_control,0.514,0.021728617190034372,0.0694225231446474,0.03662211268486027
normal_stop_hold_control,0.516,0.021582011430644765,0.06922040693143797,0.036665276707721635
normal_stop_hold_control,0.518,0.02149583864610207,0.06902173495342884,0.03670826838501361
normal_stop_hold_control,0.52,0.021481390829162502,0.06882275439220602,0.03675123116667186
normal_stop_hold_control,0.522,0.021502615316068088,0.0686228621006206,0.03679423639730427
normal_stop_hold_control,0.524,0.021562649485646276,0.06842203504439663,0.03683736169627545
normal_stop_hold_control,0.526,0.02166438851988176,0.06822043586603038,0.03688069047331508
normal_stop_hold_control,0.528,0.02181154744257238,0.06801689453056924,0.03692431356820023
normal_stop_hold_control,0.53,0.02193721575633678,0.06781066618054106,0.03696818799971283
normal_stop_hold_control,0.532,0.022080787759704443,0.06760127440772337,0.03701234957523243
normal_stop_hold_control,0.534,0.022292453425254943,0.0673884119476629,0.03705693448208284
normal_stop_hold_control,0.536,0.02257161697827393,0.06717182686820457,0.03710207771603935
normal_stop_hold_control,0.538,0.022918915532365847,0.06695068069027607,0.037147915547104136
normal_stop_hold_control,0.54,0.023433148674577603,0.06673173882563477,0.0371947818444532
normal_stop_hold_control,0.542,0.02395376911783156,0.06651418823483313,0.03724268938268889
normal_stop_hold_control,0.544,0.024485219662433107,0.06629752468409503,0.03729165982201374
normal_stop_hold_control,0.546,0.025032150711709972,0.0660814816737823,0.03734172412343722
normal_stop_hold_control,0.548,0.02560179322064665,0.06586594993386764,0.03739292770987853
normal_stop_hold_control,0.55,0.02619440682300972,0.06565087482829522,0.03744531652352456
normal_stop_hold_control,0.552,0.026814231477136918,0.06543640825196255,0.037498944986478835
normal_stop_hold_control,0.554,0.027465145052617317,0.06522271080214746,0.03755387527658408
normal_stop_hold_control,0.556,0.02815057705175478,0.06500990466911535,0.03761017643068761
normal_stop_hold_control,0.558,0.02887344414210601,0.06479813905153993,0.03766792331897184
normal_stop_hold_control,0.56,0.029674602294798572,0.06459588780616143,0.037727272523561436
normal_stop_hold_control,0.562,0.030457968602401856,0.06440288104685239,0.03778818846076624
normal_stop_hold_control,0.5640000000000001,0.031229340552560415,0.06421894035072621,0.03785064714187141
normal_stop_hold_control,0.5660000000000001,0.03199537312419767,0.06404409549605862,0.03791463788811978
normal_stop_hold_control,0.5680000000000001,0.03276307075409902,0.0638784423256365,0.037980164029627915
normal_stop_hold_control,0.5700000000000001,0.033539420467753905,0.06372211107803748,0.03804724287056336
normal_stop_hold_control,0.5720000000000001,0.03433112159162169,0.06357523854775234,0.0381159051137467
normal_stop_hold_control,0.5740000000000001,0.035144385454672175,0.06343795715547175,0.03818619388465601
normal_stop_hold_control,0.5760000000000001,0.03598349535025321,0.06331039698838943,0.0382581608753566
normal_stop_hold_control,0.578,0.03685089838016159,0.06319265187122505,0.03833186267211684
normal_stop_hold_control,0.58,0.03784267719253322,0.06307877418210714,0.038407548026501835
normal_stop_hold_control,0.582,0.03878533926635086,0.06296913342744338,0.038485118705034675
normal_stop_hold_control,0.584,0.03968628468444673,0.0628640897694583,0.038564491274403485
normal_stop_hold_control,0.586,0.0405538510306757,0.06276396396045539,0.03864559897646491
normal_stop_hold_control,0.588,0.04139708792361938,0.06266907846195305,0.03872839315231217
normal_stop_hold_control,0.59,0.042227303156305004,0.06257960219358347,0.03881284775862472
normal_stop_hold_control,0.592,0.043055606164644517,0.06249568416690958,0.03889895897095415
normal_stop_hold_control,0.594,0.043892493411453334,0.0624175361962662,0.03898674395777692
normal_stop_hold_control,0.596,0.04475760270276503,0.062345250563194274,0.03907625916318245
normal_stop_hold_control,0.598,0.04565103500772372,0.062278866398295746,0.039167561233197916
normal_stop_hold_control,0.6,0.046749981237874876,0.06221776640089828,0.03926106119567359
normal_stop_hold_control,0.602,0.047766805734918934,0.06216193524806455,0.039356594807143416
normal_stop_hold_control,0.604,0.04871046933079585,0.06211137154945139,0.03945401574580483
normal_stop_hold_control,0.606,0.04959396091980349,0.06206607895308294,0.03955320366764436
normal_stop_hold_control,0.608,0.05043251986897007,0.062026044356747426,0.039654068707382466
normal_stop_hold_control,0.61,0.051242327981592735,0.06199122251383775,0.039756553363345576
normal_stop_hold_control,0.612,0.052041098004772864,0.061961623954837716,0.03986063555935513
normal_stop_hold_control,0.614,0.052849932141609685,0.06193730534217083,0.03996633542363822
normal_stop_hold_control,0.616,0.05368299689484241,0.061918311153890015,0.040073701417427714
normal_stop_hold_control,0.618,0.05454560602931232,0.061904649754635666,0.040182792629486264
normal_stop_hold_control,0.62,0.0557698815265459,0.061895395229159884,0.04029433239253939
normal_stop_hold_control,0.622,0.05688636071557815,0.06189044910358206,0.0404081051139705
normal_stop_hold_control,0.624,0.057903068436599446,0.06188972552764529,0.040523911250843626
normal_stop_hold_control,0.626,0.058835106157546176,0.06189313214283895,0.04064158146315859
normal_stop_hold_control,0.628,0.05970166878005054,0.061900514543421006,0.04076098480071883
normal_stop_hold_control,0.63,0.06052286236180082,0.06191174831317878,0.040882030525442384
normal_stop_hold_control,0.632,0.061319061808747306,0.06192674970214032,0.04100466864905973
normal_stop_hold_control,0.634,0.06212016775442932,0.0619454754946822,0.04112890898456854
normal_stop_hold_control,0.636,0.06293557027042306,0.061967885715674416,0.041254780125109455
normal_stop_hold_control,0.638,0.06378249647474214,0.06199396321395718,0.04138234511805916
normal_stop_hold_control,0.64,0.06509237669523897,0.06202507673211889,0.04151252987144954
normal_stop_hold_control,0.642,0.06628063321454364,0.06206098367205125,0.041645091137878426
normal_stop_hold_control,0.644,0.06736267770981627,0.06210147092025747,0.04177981649329802
normal_stop_hold_control,0.646,0.06833884558508842,0.06214637679956034,0.041916494184468085
normal_stop_hold_control,0.648,0.06922860186543701,0.062195535125822154,0.04205495138819913
normal_stop_hold_control,0.65,0.07005815027302367,0.062248805726514915,0.04219506768874509
normal_stop_hold_control,0.652,0.07085441590871713,0.06230607359521596,0.04233677652056238
normal_stop_hold_control,0.654,0.07164953915086,0.06236727003844028,0.042480075598864096
normal_stop_hold_control,0.656,0.07245895910319881,0.062432350376819865,0.042624993517070324
normal_stop_hold_control,0.658,0.0733005468021859,0.06250129768415934,0.04277159461067456
normal_stop_hold_control,0.66,0.07468968546452148,0.06257513847482306,0.042920973981603404
normal_stop_hold_control,0.662,0.075922498414575,0.06265351254534293,0.0430728189784324
normal_stop_hold_control,0.664,0.07699865478960033,0.06273605643507844,0.04322681628801147
normal_stop_hold_control,0.666,0.07794149589994888,0.06282244975987819,0.043382699279811504
normal_stop_hold_control,0.668,0.07879658657986793,0.0629124570761103,0.04354029245297124
normal_stop_hold_control,0.67,0.07956953098825789,0.06300584629053335,0.043699431514947755
normal_stop_hold_control,0.672,0.08029479320908138,0.06310244703597573,0.04386002110136581
normal_stop_hold_control,0.674,0.08100790197441513,0.06320215378501487,0.04402203690531462
normal_stop_hold_control,0.676,0.08173138294670752,0.06330489757483101,0.04418549967120804
normal_stop_hold_control,0.678,0.08249048329691845,0.06341066152605826,0.04435048063780189
normal_stop_hold_control,0.68,0.08385938335124965,0.06352105763030065,0.04451819940450437
normal_stop_hold_control,0.682,0.0850201731375686,0.0636355995337346,0.04468823975077927
normal_stop_hold_control,0.684,0.08596712508386593,0.06375378505867396,0.04486017400094676
normal_stop_hold_control,0.686,0.08671710683541406,0.06387514045170477,0.04503360821461766
normal_stop_hold_control,0.6880000000000001,0.08730298864356473,0.06399925188229869,0.04520821419190478
normal_stop_hold_control,0.6900000000000001,0.08777179229832988,0.06412579366093078,0.045383757776501304
normal_stop_hold_control,0.6920000000000001,0.08818545368013292,0.06425455816156926,0.04556012868386171
normal_stop_hold_control,0.6940000000000001,0.0885630857064707,0.06438537040510027,0.0457372548552744
normal_stop_hold_control,0.6960000000000001,0.08893873316279226,0.06451811817868097,0.045915132321600015
normal_stop_hold_control,0.6980000000000001,0.0893413078074045,0.06465274170888065,0.04609381493721509
normal_stop_hold_control,0.7000000000000001,0.09036243655150825,0.06479036411610171,0.04627453981031828
normal_stop_hold_control,0.7020000000000001,0.09104946624683956,0.06493021881334209,0.04645663874281196
normal_stop_hold_control,0.704,0.09139004507519086,0.06507150665875985,0.04663941883296257
normal_stop_hold_control,0.706,0.09142059444216014,0.06521349397950311,0.046822260021846675
normal_stop_hold_control,0.708,0.09120536883282006,0.06535556887677181,0.04700467075951233
normal_stop_hold_control,0.71,0.09080069976895042,0.06549722619632493,0.047186272159050295
normal_stop_hold_control,0.712,0.0902646017510442,0.06563807188246099,0.0473668013625522
normal_stop_hold_control,0.714,0.08965334148412255,0.0657778206180066,0.047546108045520244
normal_stop_hold_control,0.716,0.08901855317733971,0.06591628780362281,0.047724145151874946
normal_stop_hold_control,0.718,0.08840727825054473,0.06605338167553526,0.04790095970837585
normal_stop_hold_control,0.72,0.08746452584571568,0.06618834414329156,0.048075888760067326
normal_stop_hold_control,0.722,0.08611161303566754,0.06632027190851163,0.048248111986138605
normal_stop_hold_control,0.724,0.08437642009367197,0.06644831289800268,0.04841686482632608
normal_stop_hold_control,0.726,0.08378105631022294,0.06657465536692067,0.04858442693894652
normal_stop_hold_control,0.728,0.08343995532253455,0.06669971317105913,0.048751306849591315
normal_stop_hold_control,0.73,0.08323541767695804,0.0668237436962697,0.048917777684945464
normal_stop_hold_control,0.732,0.08315507891660245,0.06694702456179893,0.0490840878427786
normal_stop_hold_control,0.734,0.08482964359179967,0.06707294354174555,0.04925374712996191
normal_stop_hold_control,0.736,0.08679092471976678,0.06720194890330919,0.04942732897940122
normal_stop_hold_control,0.738,0.08896528006801999,0.067334323950864,0.0496052595395373
normal_stop_hold_control,0.74,0.08975314269293831,0.06746706103149724,0.0497847658249235
normal_stop_hold_control,0.742,0.09191905324276557,0.06760289272166357,0.04996860393140901
normal_stop_hold_control,0.744,0.09432011128392066,0.06774226641188168,0.050157244153976974
normal_stop_hold_control,0.746,0.09673090702357216,0.06788517067503072,0.050350705968023886
normal_stop_hold_control,0.748,0.09906772568077103,0.06803141857175818,0.050548841419385114
normal_stop_hold_control,0.75,0.10132427655494684,0.06818080275863897,0.050751489972495165
normal_stop_hold_control,0.752,0.10348123847590157,0.06833306995249275,0.05095845244944665
normal_stop_hold_control,0.754,0.10552938006076615,0.06848794183745327,0.05116951120956809
normal_stop_hold_control,0.756,0.10746368644243995,0.06864512437416717,0.051384438582452924
normal_stop_hold_control,0.758,0.10926767209377837,0.06880428583576664,0.051602973926640185
normal_stop_hold_control,0.76,0.10500057891235155,0.06895325076511262,0.051812975084465175
normal_stop_hold_control,0.762,0.10103105023122502,0.06909263703051657,0.052015037184927324
normal_stop_hold_control,0.764,0.0971057749114861,0.06922254688392246,0.052209248734750136
normal_stop_hold_control,0.766,0.09316775905800068,0.06934295752838363,0.052395584252866244
normal_stop_hold_control,0.768,0.08914029637085395,0.06945368073760008,0.052573864845608144
normal_stop_hold_control,0.77,0.08500739753165623,0.06955448412819179,0.05274387964067118
normal_stop_hold_control,0.772,0.08077542266595518,0.0696451362723278,0.05290543048600308
normal_stop_hold_control,0.774,0.07642081654603015,0.06972534883013701,0.05305827211909483
normal_stop_hold_control,0.776,0.07196881634071006,0.0697948805785723,0.05320220975177624
normal_stop_hold_control,0.778,0.06744584737082943,0.06985353429070819,0.053337101446518057
normal_stop_hold_control,0.78,0.06723146621469545,0.06990979063963228,0.053471564378947345
normal_stop_hold_control,0.782,0.06635011918296665,0.06996239540486147,0.05360426461731361
normal_stop_hold_control,0.784,0.06487307558411452,0.07001022748289029,0.053734010768481826
normal_stop_hold_control,0.786,0.06287385827191036,0.07005230006945418,0.05385975848502545
normal_stop_hold_control,0.788,0.06041954920242326,0.07008774110627543,0.053980597583430295
normal_stop_hold_control,0.79,0.05766048522556543,0.07011595889337803,0.054095918553881794
normal_stop_hold_control,0.792,0.054717574465161,0.07013658345761056,0.05420535370281223
normal_stop_hold_control,0.794,0.05169721814546281,0.0701494385807906,0.054308748139103476
normal_stop_hold_control,0.796,0.048716167260863606,0.07015456411492764,0.05440618047362549
normal_stop_hold_control,0.798,0.04592033659420346,0.0701522532118947,0.05449802114681388
normal_stop_hold_control,0.8,0.043862032435918206,0.070143676508083,0.05458574521168548
normal_stop_hold_control,0.802,0.04169493995845838,0.07012876075150679,0.054669135091602365
normal_stop_hold_control,0.804,0.03935643534815877,0.07010729281629893,0.05474784796229858
normal_stop_hold_control,0.806,0.03683681729299298,0.07007901722274436,0.05482152159688451
normal_stop_hold_control,0.808,0.034175264983654086,0.07004372912238596,0.054889872126851556
normal_stop_hold_control,0.81,0.031396944934450534,0.0700012393804166,0.054952666016720234
normal_stop_hold_control,0.812,0.028561485297162386,0.06995144802708932,0.05500978898731479
normal_stop_hold_control,0.8140000000000001,0.02571283042894713,0.06989431429614619,0.05506121464817291
normal_stop_hold_control,0.8160000000000001,0.02289117904385159,0.0698298329415529,0.05510699700626054
normal_stop_hold_control,0.8180000000000001,0.02015564393542848,0.06975811635181924,0.055147308294131676
normal_stop_hold_control,0.8200000000000001,0.01868701859298858,0.06968106413851878,0.055184682331317375
normal_stop_hold_control,0.8220000000000001,0.0171455585247908,0.0695987295920009,0.05521897344836706
normal_stop_hold_control,0.8240000000000001,0.01552571649701617,0.06951114159966151,0.05525002488136093
normal_stop_hold_control,0.8260000000000001,0.013831660995744663,0.06941830981134071,0.055277688203352146
normal_stop_hold_control,0.8280000000000001,0.012140781348035123,0.06932036326549788,0.05530196976604801
normal_stop_hold_control,0.8300000000000001,0.010537148281835324,0.06921756341448432,0.05532304406261165
normal_stop_hold_control,0.8320000000000001,0.009137896613942846,0.06911036295017348,0.055341319855839594
normal_stop_hold_control,0.834,0.00815261986919728,0.0689995772586917,0.05535762509557804
normal_stop_hold_control,0.836,0.007762558034877948,0.06888636564704573,0.05537315021164781
normal_stop_hold_control,0.838,0.00808662220091777,0.06877209229567394,0.05538932345604977
normal_stop_hold_control,0.84,0.0067983083239889115,0.06865267536774922,0.05540292007269754
normal_stop_hold_control,0.842,0.005989454233437702,0.06852930144159637,0.055414898981164286
normal_stop_hold_control,0.844,0.005738926482074635,0.06840328803411254,0.05542637683412864
normal_stop_hold_control,0.846,0.006036790930091752,0.06827593568409686,0.055438450415989174
normal_stop_hold_control,0.848,0.006796517951300796,0.06814833369396277,0.05545204345189206
normal_stop_hold_control,0.85,0.007889040736408044,0.06802126279168302,0.05546782153336486
normal_stop_hold_control,0.852,0.009167538646276344,0.06789515796468866,0.05548615661065744
normal_stop_hold_control,0.854,0.010572318704888535,0.06777027290994429,0.05550730124806724
normal_stop_hold_control,0.856,0.012126993557987046,0.06764687946192874,0.05553155523518338
normal_stop_hold_control,0.858,0.013731142829345963,0.0675250128447685,0.05555901752084216
normal_stop_hold_control,0.86,0.01407818974822084,0.06740110788475144,0.05558717390033819
normal_stop_hold_control,0.862,0.014745316334067301,0.0672761068860373,0.055616664533006635
normal_stop_hold_control,0.864,0.01562689195762286,0.06715074318972061,0.05564791831692219
normal_stop_hold_control,0.866,0.016666059032446272,0.06702558930816803,0.055681250434987166
normal_stop_hold_control,0.868,0.01782243400999757,0.06690105199088954,0.055716895303007344
normal_stop_hold_control,0.87,0.019064997227562334,0.0667774641499538,0.05575502529746271
normal_stop_hold_control,0.872,0.020362111264126126,0.06665502794181939,0.05579574951999125
normal_stop_hold_control,0.874,0.021701858445543554,0.06653385233865128,0.05583915323688232
normal_stop_hold_control,0.876,0.023081182071372944,0.06641399552523336,0.05588531560102511
normal_stop_hold_control,0.878,0.024493386132563064,0.06629545261459856,0.0559343023732906
normal_stop_hold_control,0.88,0.025035776792485212,0.0661752922338226,0.05598437392687543
normal_stop_hold_control,0.882,0.02574553930414676,0.06605425768691617,0.05603586500548411
normal_stop_hold_control,0.884,0.026586609802733422,0.06593303295821189,0.05608903822508997
normal_stop_hold_control,0.886,0.027531594312302704,0.06581221496170175,0.05614410141371494
normal_stop_hold_control,0.888,0.02855983251772553,0.06569229497282868,0.056201221078749995
normal_stop_hold_control,0.89,0.029655692560699453,0.0655736359971091,0.056260532463871464
normal_stop_hold_control,0.892,0.03080720950684115,0.06545646289582384,0.05632214688288516
normal_stop_hold_control,0.894,0.03200063321478964,0.0653409348408017,0.056386148149314703
normal_stop_hold_control,0.896,0.03322809976543069,0.0652271205223818,0.056452604348845706
normal_stop_hold_control,0.898,0.03448265839388027,0.06511502278396444,0.056521569665633827
normal_stop_hold_control,0.9,0.03506896521850076,0.06500206980516052,0.05659170759607064
normal_stop_hold_control,0.902,0.03578507050082316,0.06488918973344557,0.05666327773707209
normal_stop_hold_control,0.904,0.036607105250716816,0.06477728474134906,0.05673649194757356
normal_stop_hold_control,0.906,0.03751643948252026,0.06466714658255893,0.05681152482653882
normal_stop_hold_control,0.908,0.03849852931342417,0.0645594114499937,0.05688852188516586
normal_stop_hold_control,0.91,0.03954196698390897,0.06445458233958574,0.056967605819133606
normal_stop_hold_control,0.912,0.040637719771208856,0.06435302862634197,0.05704888125867617
normal_stop_hold_control,0.914,0.04178006755014434,0.06425499602663522,0.057132441393776726
normal_stop_hold_control,0.916,0.04296174089070666,0.06416061262453425,0.05721836487555846
normal_stop_hold_control,0.918,0.04417290417233376,0.06406989286560429,0.05730671068390331
normal_stop_hold_control,0.92,0.04483217203192869,0.06398236439700565,0.05739637502796692
normal_stop_hold_control,0.922,0.04562747304512717,0.06389912501676967,0.05748762997405693
normal_stop_hold_control,0.924,0.046517672414656486,0.0638211349905211,0.057580665318886406
normal_stop_hold_control,0.926,0.04748999894636124,0.06374620924153776,0.057675645316779066
normal_stop_hold_control,0.928,0.048533804069027964,0.06367402490474858,0.05777271292491709
normal_stop_hold_control,0.93,0.049640126899716405,0.06360443397829055,0.057871993178716864
normal_stop_hold_control,0.932,0.05080135284640471,0.06353729943505905,0.057973595884409826
normal_stop_hold_control,0.934,0.052008799671576594,0.06346922001651292,0.0580776134837527
normal_stop_hold_control,0.936,0.05325077422594344,0.06339970100015806,0.058184115032204414
normal_stop_hold_control,0.9380000000000001,0.05452327621680996,0.063328383852391,0.05829316158463802
normal_stop_hold_control,0.9400000000000001,0.05520339731954881,0.06325687087382599,0.058403568379277175
normal_stop_hold_control,0.9420000000000001,0.055987823009811165,0.06318262916426165,0.05851554402529661
normal_stop_hold_control,0.9440000000000001,0.05686494462114781,0.06310535894401227,0.058629273914538725
normal_stop_hold_control,0.9460000000000001,0.057824610742915276,0.06302526528724879,0.058744923136024536
normal_stop_hold_control,0.9480000000000001,0.0588578702571107,0.06294262179082012,0.058862638876538566
normal_stop_hold_control,0.9500000000000001,0.0599554513985722,0.0628577200109427,0.058982549779335536
normal_stop_hold_control,0.9520000000000001,0.06110964114019833,0.06277087427633041,0.05910476906161581
normal_stop_hold_control,0.9540000000000001,0.062317046615168736,0.06268241047147662,0.059229403154846344
normal_stop_hold_control,0.9560000000000001,0.06357095569641051,0.06259265140777413,0.05935654506623892
normal_stop_hold_control,0.9580000000000001,0.06486535187680298,0.0625019623655349,0.059486275769992394
normal_stop_hold_control,0.96,0.06567745332393803,0.062421425379712334,0.05961763067663998
normal_stop_hold_control,0.962,0.06658180463402408,0.06235065096213308,0.05975079428590785
normal_stop_hold_control,0.964,0.06756672233421449,0.062289730950930294,0.059885927730576015
normal_stop_hold_control,0.966,0.06862216535348473,0.06223883587433517,0.060023172061283124
normal_stop_hold_control,0.968,0.06974124711123261,0.06219827447230599,0.060162654555505846
normal_stop_hold_control,0.97,0.07091753593882484,0.06216837348228514,0.06030448962738332
normal_stop_hold_control,0.972,0.07214504094754036,0.06214943830350992,0.060448779709278457
normal_stop_hold_control,0.974,0.07341820121663518,0.06214180622448086,0.06059561611171204
normal_stop_hold_control,0.976,0.0747318758713576,0.06214575306703897,0.06074507986345456
normal_stop_hold_control,0.978,0.07608133357446416,0.062161491722763536,0.06089724253060353
normal_stop_hold_control,0.98,0.07689748981387519,0.06217935678043979,0.061051037510230964
normal_stop_hold_control,0.982,0.07779464984064198,0.06220081972809152,0.06120662680991244
normal_stop_hold_control,0.984,0.07876636874589855,0.06222720333231066,0.06136415954740449
normal_stop_hold_control,0.986,0.07980639295032552,0.062259677890811674,0.06152377233330482
normal_stop_hold_control,0.988,0.08090870817851722,0.06229926709379272,0.06168558974966154
normal_stop_hold_control,0.99,0.08206770727937746,0.06234668635815222,0.06184972516422015
normal_stop_hold_control,0.992,0.08327938481811262,0.06240240328325636,0.06201628393385603
normal_stop_hold_control,0.994,0.08454184597057117,0.062466671668708014,0.062185367625796906
normal_stop_hold_control,0.996,0.0858498555977407,0.06253950525345338,0.06235706733699211
normal_stop_hold_control,0.998,0.08719861988240908,0.06262062097836901,0.06253146457675716
normal_stop_hold_control,1.0,0.08813970448593836,0.0627077439857354,0.06270774398572916
normal_stop_hold_control,1.002,0.08913369274866031,0.06280121329942388,0.06288601137122632
normal_stop_hold_control,1.004,0.09017640087526665,0.06290147528936134,0.06306636417297717
normal_stop_hold_control,1.006,0.0912638722147336,0.06300894742682671,0.06324889191740697
normal_stop_hold_control,1.008,0.0923923823890981,0.06312398728634422,0.06343367668218534
normal_stop_hold_control,1.01,0.09356022846569605,0.06324690991632044,0.06362079713911657
normal_stop_hold_control,1.012,0.09476976025155895,0.0633778931978759,0.06381033665961976
normal_stop_hold_control,1.014,0.09601771613062682,0.06351704305817753,0.06400237209188087
normal_stop_hold_control,1.016,0.09730071722618246,0.06366437383453766,0.06419697352633297
normal_stop_hold_control,1.018,0.09861600436518378,0.06381977947361385,0.06439420553506332
normal_stop_hold_control,1.02,0.09970616172312483,0.06398034561636123,0.06459361785850973
normal_stop_hold_control,1.022,0.10080675004987005,0.06414622916240277,0.06479523135860925
normal_stop_hold_control,1.024,0.10191819517319635,0.06431757957649978,0.0649990677489557
normal_stop_hold_control,1.026,0.10304112985474832,0.06449456272315576,0.06520515000866518
normal_stop_hold_control,1.028,0.10417638242142079,0.06467719240731863,0.06541350277350823
normal_stop_hold_control,1.03,0.10532491956550005,0.06486532556379229,0.06562415261263932
normal_stop_hold_control,1.032,0.10648777392249703,0.06505860798737108,0.06583712816048412
normal_stop_hold_control,1.034,0.10766172585145095,0.06525629567858089,0.06605245161218692
normal_stop_hold_control,1.036,0.10884567111283804,0.06545733105624563,0.06627014295441273
normal_stop_hold_control,1.038,0.11004907960813935,0.06566042275537785,0.06649024111362903
normal_stop_hold_control,1.04,0.11125607884962968,0.06586859422420477,0.06671275327132832
normal_stop_hold_control,1.042,0.1124070493120214,0.06608086898250419,0.0669375673699525
normal_stop_hold_control,1.044,0.11350642053812483,0.06629614672370372,0.06716458021102867
normal_stop_hold_control,1.046,0.11456007308218073,0.06651325717392055,0.06739370035719314
normal_stop_hold_control,1.048,0.11557709552489301,0.06673112924780587,0.06762485454824299
normal_stop_hold_control,1.05,0.11656504274672173,0.06694897105037192,0.06785798463373645
normal_stop_hold_control,1.052,0.11753143504412715,0.06716633326737165,0.06809304750382439
normal_stop_hold_control,1.054,0.1184836967967208,0.06738287172198497,0.06833001489741752
normal_stop_hold_control,1.056,0.11942726832992455,0.0675982525982138,0.06856886943407721
normal_stop_hold_control,1.058,0.12036201185160997,0.06781233675498173,0.06880959345778058
normal_stop_hold_control,1.06,0.12170936160432237,0.06802849251003427,0.06905301218098925
normal_stop_hold_control,1.062,0.12289247999739322,0.0682457420595456,0.06929879714098373
normal_stop_hold_control,1.064,0.1239204150991057,0.0684633270123425,0.06954663797118181
normal_stop_hold_control,1.066,0.12480681905914946,0.06868063417959126,0.06979625160929977
normal_stop_hold_control,1.068,0.12561789268786955,0.06889726744066767,0.07004748739467549
normal_stop_hold_control,1.07,0.1263079144325414,0.06911280662738291,0.07030010322354084
normal_stop_hold_control,1.072,0.126899521850438,0.06932693939349491,0.07055390226724169
normal_stop_hold_control,1.074,0.127414318636174,0.06953942235201771,0.07080873090451414
normal_stop_hold_control,1.076,0.12787248075517538,0.06975005913352393,0.07106447586602462
normal_stop_hold_control,1.078,0.1282898439947279,0.06995870064466059,0.07132105555401434
normal_stop_hold_control,1.08,0.12982878538315884,0.0701693657985963,0.07158071312478081
normal_stop_hold_control,1.082,0.13099601295461372,0.07038096864093758,0.07184270515069013
normal_stop_hold_control,1.084,0.13168215220617108,0.07059227786435633,0.07210606945510224
normal_stop_hold_control,1.086,0.13207671107723717,0.07080249718594395,0.07237022287725664
normal_stop_hold_control,1.088,0.13219175947350634,0.07101089685471837,0.07263460639620385
normal_stop_hold_control,1.09,0.13207752841178266,0.0712168797412207,0.0728987614530276
normal_stop_hold_control,1.092,0.13180634313757522,0.07142001802549891,0.073162374139303
normal_stop_hold_control,1.094,0.13139866382073004,0.07161995379933327,0.07342517146694463
normal_stop_hold_control,1.096,0.13087760288802427,0.07181639036005828,0.07368692667272075
normal_stop_hold_control,1.098,0.13027732110923923,0.07200911137586558,0.07394748131493928
normal_stop_hold_control,1.1,0.13177813661600407,0.07220367312118714,0.074211037588171
normal_stop_hold_control,1.102,0.1326946736835981,0.07239864434738999,0.07447642693553785
normal_stop_hold_control,1.104,0.13303582025176494,0.07259265976190332,0.07474249857604129
normal_stop_hold_control,1.106,0.13287374620357467,0.07278453609409731,0.0750082460684482
normal_stop_hold_control,1.108,0.1322846842238929,0.07297327200630706,0.07527281543689623
normal_stop_hold_control,1.11,0.13132067082451937,0.07315799337216652,0.07553545677854522
normal_stop_hold_control,1.112,0.13004561354154606,0.07333797220860665,0.075795548005628
normal_stop_hold_control,1.114,0.12852294140783208,0.07351261903158782,0.0760525938884438
normal_stop_hold_control,1.116,0.126813666945533,0.0736814811800241,0.07630622122233509
normal_stop_hold_control,1.118,0.1249750163693515,0.07384423809427337,0.07655617125507412
normal_stop_hold_control,1.12,0.12605479010704299,0.07400784312492102,0.0768082808352879
normal_stop_hold_control,1.122,0.12707482568123357,0.07417190272493347,0.07706243048665029
normal_stop_hold_control,1.124,0.12794205609542086,0.07433591964427763,0.07731831459884113
normal_stop_hold_control,1.1260000000000001,0.12932705194336921,0.0745007635936705,0.07757696870272761
normal_stop_hold_control,1.1280000000000001,0.1309009408117167,0.0746666680876252,0.07783877058435124
normal_stop_hold_control,1.1300000000000001,0.13268821868883746,0.07483393377810824,0.0781041470217292
normal_stop_hold_control,1.1320000000000001,0.13464642835039675,0.07500279182827244,0.07837343987842982
normal_stop_hold_control,1.1340000000000001,0.13676226469182656,0.07517346339064382,0.07864696440781349
normal_stop_hold_control,1.1360000000000001,0.13916847172736443,0.07534645976947817,0.0789253013512685
normal_stop_hold_control,1.1380000000000001,0.14193878678537067,0.07552244782586276,0.07920917892483914
normal_stop_hold_control,1.1400000000000001,0.14047196100011913,0.07569414700157209,0.0794901228468393
normal_stop_hold_control,1.1420000000000001,0.13940487876427707,0.0758621469402036,0.07976893260436793
normal_stop_hold_control,1.1440000000000001,0.138604358304924,0.07602679431812084,0.08004614132097762
normal_stop_hold_control,1.1460000000000001,0.1379663326197968,0.07618824814659571,0.08032207398621745
normal_stop_hold_control,1.1480000000000001,0.13742200096582494,0.07634654788875155,0.08059691798814925
normal_stop_hold_control,1.1500000000000001,0.1369488037621903,0.07650170422333251,0.08087081559567387
normal_stop_hold_control,1.1520000000000001,0.1364802116329734,0.07665361226844497,0.08114377601893971
normal_stop_hold_control,1.154,0.13594388581503836,0.07680203020436392,0.08141566379057008
normal_stop_hold_control,1.156,0.13540098537532264,0.07694685195191522,0.08168646576132095
normal_stop_hold_control,1.158,0.13484118338193116,0.07708796281449604,0.08195614812808509
normal_stop_hold_control,1.16,0.13119207361305574,0.07722015229805776,0.08221853227531105
normal_stop_hold_control,1.162,0.12764368833604814,0.07734343682735789,0.08247381965198337
normal_stop_hold_control,1.164,0.12416054894190323,0.07745778280522594,0.08272214074986745
normal_stop_hold_control,1.166,0.12064935873750327,0.07756299302117678,0.08296343946734275
normal_stop_hold_control,1.168,0.1170864289230302,0.07765883670365717,0.08319761232518888
normal_stop_hold_control,1.17,0.11346433956793404,0.07774508114470799,0.08342454100432489
normal_stop_hold_control,1.172,0.10978845711734488,0.07782151638756327,0.08364411791855939
normal_stop_hold_control,1.174,0.10606850321653138,0.07788796307338965,0.08385625492499232
normal_stop_hold_control,1.176,0.10231716586581174,0.07794427753019484,0.08406088925672384
normal_stop_hold_control,1.178,0.09852429183762781,0.07799030526770372,0.08425793784039937
normal_stop_hold_control,1.18,0.097239750800709,0.07803212785241091,0.08445241734200049
normal_stop_hold_control,1.182,0.09576462257048693,0.07806920243151239,0.08464394658714172
normal_stop_hold_control,1.184,0.09410283336674605,0.07810100689666488,0.0848321522538754
normal_stop_hold_control,1.186,0.09227677376967802,0.07812707642936874,0.08501670580141449
normal_stop_hold_control,1.188,0.09028641820522192,0.07814695818899993,0.08519727863782467
normal_stop_hold_control,1.19,0.08822542156336842,0.07816039811936462,0.0853737294809516
normal_stop_hold_control,1.192,0.08609278673459138,0.07816715028368112,0.08554591505442088
normal_stop_hold_control,1.194,0.08387253705727264,0.0781669380145436,0.08571366012853526
normal_stop_hold_control,1.196,0.08164145673657075,0.0781596487149488,0.08587694304200849
normal_stop_hold_control,1.198,0.07942396512737794,0.07814522829432564,0.08603579097226338
normal_stop_hold_control,1.2,0.07796535301912869,0.07812600500983481,0.08619172167830196
normal_stop_hold_control,1.202,0.07643822283280989,0.07810173703173216,0.08634459812396751
normal_stop_hold_control,1.204,0.07484531342212059,0.0780721963592647,0.08649428875081203
normal_stop_hold_control,1.206,0.07319742269754637,0.07803718436165671,0.0866406835962073
normal_stop_hold_control,1.208,0.07150962594158866,0.07799653989385494,0.08678370284809055
normal_stop_hold_control,1.21,0.06981515190142265,0.07795017159444187,0.08692333315189364
normal_stop_hold_control,1.212,0.06809151878050343,0.07789793860547894,0.08705951618945475
normal_stop_hold_control,1.214,0.06636961416586688,0.07783976828526878,0.0871922554177866
normal_stop_hold_control,1.216,0.06467269190151408,0.07777564046007214,0.08732160080158982
normal_stop_hold_control,1.218,0.0630121060336975,0.07770556344704371,0.08744762501365742
normal_stop_hold_control,1.22,0.06193330276357647,0.0776311456949946,0.08757149161918426
normal_stop_hold_control,1.222,0.060815761881293846,0.07755229009385847,0.08769312314294683
normal_stop_hold_control,1.224,0.05965264976424694,0.07746888494330777,0.0878124284424751
normal_stop_hold_control,1.226,0.05845895737052631,0.07738084717414608,0.08792934635721619
normal_stop_hold_control,1.228,0.05727251803519446,0.07728816763504136,0.08804389139328682
normal_stop_hold_control,1.23,0.05610011506992866,0.0771908487139018,0.08815609162342658
normal_stop_hold_control,1.232,0.054945825201921546,0.07708889879450823,0.08826598327383028
normal_stop_hold_control,1.234,0.05381839813735781,0.07698234814220989,0.08837362007010463
normal_stop_hold_control,1.236,0.05272499527221013,0.07687124267882531,0.08847907006064905
normal_stop_hold_control,1.238,0.05167106463489157,0.0767556245341699,0.08858241218991902
normal_stop_hold_control,1.24,0.05049638555196009,0.07663523823524289,0.08868340496102314
normal_stop_hold_control,1.242,0.04932627198612645,0.07651020639720942,0.08878205750499539
normal_stop_hold_control,1.244,0.048156827696567824,0.07638063485528485,0.0888783711603887
normal_stop_hold_control,1.246,0.0469919656586083,0.07624662364138489,0.0889723550917059
normal_stop_hold_control,1.248,0.045818104901054514,0.07610822900108503,0.08906399130150829
normal_stop_hold_control,1.25,0.044650892691445836,0.07596552365776488,0.0891532930868915
normal_stop_hold_control,1.252,0.04349927756521211,0.07581858301991076,0.08924029164202225
normal_stop_hold_control,1.254,0.042369433009420844,0.07566747984035108,0.08932503050804098
normal_stop_hold_control,1.256,0.04127769775697945,0.0755123076029956,0.0894075859035549
normal_stop_hold_control,1.258,0.0402280563250739,0.07535316913737743,0.08948804201620493
normal_stop_hold_control,1.26,0.039126428809510186,0.07518912107268623,0.08956629487382384
normal_stop_hold_control,1.262,0.038045036238449625,0.07502053409714998,0.08964238494630053
normal_stop_hold_control,1.264,0.036991332025870925,0.07484777548626083,0.08971636761035187
normal_stop_hold_control,1.266,0.03596699869569871,0.07467118837980803,0.08978830160774336
normal_stop_hold_control,1.268,0.03497456244647205,0.07449108748769712,0.08985825073263652
normal_stop_hold_control,1.27,0.03401748354380718,0.07430775756053125,0.0899262856997242
normal_stop_hold_control,1.272,0.03309896237038664,0.07412133658844859,0.08999248362446462
normal_stop_hold_control,1.274,0.032221772852869784,0.07393207769373165,0.09005692717017012
normal_stop_hold_control,1.276,0.031389991385910906,0.07374019802679233,0.09011970715294179
normal_stop_hold_control,1.278,0.030604795551383863,0.07354588190382465,0.09018091674404437
normal_stop_hold_control,1.28,0.02965457095811372,0.0733465462583727,0.09024022588596055
normal_stop_hold_control,1.282,0.028741780378346026,0.07314325856930969,0.09029770944671682
normal_stop_hold_control,1.284,0.027868379104585443,0.0729367668109839,0.09035344620492576
normal_stop_hold_control,1.286,0.027036686510681224,0.07272775027017864,0.09040751957794713
normal_stop_hold_control,1.288,0.026249203031568115,0.07251685101184417,0.09046001798401068
normal_stop_hold_control,1.29,0.02550847400249374,0.07230464082166427,0.09051103493201573
normal_stop_hold_control,1.292,0.024816994258389072,0.07209153736750738,0.09056066892053213
normal_stop_hold_control,1.294,0.02417714626786528,0.07187793149809979,0.09060902321306794
normal_stop_hold_control,1.296,0.02359116186503128,0.07166416201968795,0.09065620553679782
normal_stop_hold_control,1.298,0.02306110152568937,0.07145050370280956,0.09070232773984944
normal_stop_hold_control,1.3,0.022545469505613328,0.07123277690147252,0.09074741867886087
normal_stop_hold_control,1.302,0.02208019246757086,0.0710122541804286,0.09079157906379609
normal_stop_hold_control,1.304,0.02166874400683461,0.07079019503036788,0.09083491655181011
normal_stop_hold_control,1.306,0.021314432641060716,0.070567728882074,0.09087754541709224
normal_stop_hold_control,1.308,0.02102032548576494,0.07034583233217713,0.09091958606806397
normal_stop_hold_control,1.31,0.02078916415160188,0.0701253835632407,0.0909611643963671
normal_stop_hold_control,1.312,0.020623282506978768,0.06990713733137253,0.09100241096138073
normal_stop_hold_control,1.314,0.020524533895271316,0.06969172500862225,0.09104346002917121
normal_stop_hold_control,1.316,0.02049423396483433,0.06947965837715643,0.09108444849710108
normal_stop_hold_control,1.318,0.020533123838006834,0.06927133608110635,0.09112551474477718
normal_stop_hold_control,1.32,0.020629916236398465,0.06906297224843322,0.0911667745772499
normal_stop_hold_control,1.322,0.020769241997273567,0.06885368617542328,0.09120831306124429
normal_stop_hold_control,1.324,0.02095318609483646,0.06864372790540837,0.09125021943343405
normal_stop_hold_control,1.326,0.021183538080537974,0.0684332288495736,0.09129258650959508
normal_stop_hold_control,1.328,0.021461808350469652,0.06822074785835536,0.09133551012629583
normal_stop_hold_control,1.33,0.021718981638643546,0.06800559285999146,0.09137894808957303
normal_stop_hold_control,1.332,0.021999136633453712,0.06778736925704364,0.09142294636284005
normal_stop_hold_control,1.334,0.02234798077994561,0.0675657707361534,0.09146764232440005
normal_stop_hold_control,1.336,0.022766221847055894,0.06733988710864211,0.09151317476809416
normal_stop_hold_control,1.338,0.023254621265433827,0.06710898094313855,0.09155968401062496
normal_stop_hold_control,1.34,0.023844548612345928,0.06688039410511168,0.0916073731078497
normal_stop_hold_control,1.342,0.024444981270988698,0.06665342994017241,0.09165626307039167
normal_stop_hold_control,1.344,0.02506199802204239,0.06642765438038366,0.09170638706643577
normal_stop_hold_control,1.346,0.025695367013024273,0.0662028401259425,0.09175777780046185
normal_stop_hold_control,1.348,0.026348956021791443,0.06597890073729872,0.09181047571250543
normal_stop_hold_control,1.35,0.027026551075762777,0.06575582805754633,0.09186452881465697
normal_stop_hold_control,1.352,0.027731720127541378,0.06553375095153022,0.09191999225491204
normal_stop_hold_control,1.354,0.028467707323622467,0.06531283881850217,0.09197692766955931
normal_stop_hold_control,1.356,0.029237353312415754,0.06509321744080737,0.09203540237618409
normal_stop_hold_control,1.358,0.030043038802972797,0.06487503720005913,0.09209548845379005
normal_stop_hold_control,1.36,0.030872028284504412,0.0646664217334335,0.092157232510359
normal_stop_hold_control,1.362,0.03168945019478757,0.0644671516235725,0.09222061141074857
normal_stop_hold_control,1.364,0.032499912560288696,0.06427717052732672,0.09228561123586908
normal_stop_hold_control,1.366,0.03330903703492821,0.06409643246570243,0.09235222930993889
normal_stop_hold_control,1.368,0.03412291433210749,0.06392504204494406,0.09242047513860308
normal_stop_hold_control,1.37,0.03494771384378916,0.06376312985752913,0.09249037056629071
normal_stop_hold_control,1.372,0.03578939935438506,0.06361083963024028,0.09256194936499948
normal_stop_hold_control,1.374,0.03665352137118329,0.06346831804325283,0.0926352564077418
normal_stop_hold_control,1.3760000000000001,0.037541819496673914,0.06333567938875113,0.09271034004673505
normal_stop_hold_control,1.3780000000000001,0.03845815911349999,0.06321301317400446,0.09278725636496203
normal_stop_hold_control,1.3800000000000001,0.039450436753785345,0.06309447559812159,0.09286615723846965
normal_stop_hold_control,1.3820000000000001,0.04040156772627442,0.06298042177343652,0.09294696037392235
normal_stop_hold_control,1.3840000000000001,0.04131756728379571,0.06287119295284721,0.09302959550848994
normal_stop_hold_control,1.3860000000000001,0.042203915064707345,0.06276709122732806,0.09311400333861923
normal_stop_hold_control,1.3880000000000001,0.04307056059879105,0.06266841364981143,0.09320014445981675
normal_stop_hold_control,1.3900000000000001,0.04392788034676037,0.06257530763142052,0.09328800022051018
normal_stop_hold_control,1.3920000000000001,0.04478613638814258,0.06248795800556702,0.09337757249328635
normal_stop_hold_control,1.3940000000000001,0.04565506523908877,0.06240650658648907,0.09346888262376453
normal_stop_hold_control,1.3960000000000001,0.04654770136486529,0.06233102150044909,0.0935619780264941
normal_stop_hold_control,1.3980000000000001,0.04747493369768893,0.062261544409734505,0.09365692789388941
normal_stop_hold_control,1.4000000000000001,0.04856151045182084,0.062197473399078114,0.09375405091479297
normal_stop_hold_control,1.4020000000000001,0.04957439224627482,0.06213877273243798,0.0938531996992857
normal_stop_hold_control,1.4040000000000001,0.050521258363390484,0.062085421731158,0.09395424221601234
normal_stop_hold_control,1.4060000000000001,0.05141391564654434,0.06203740653032698,0.09405707004730555
normal_stop_hold_control,1.408,0.052266526380196715,0.06199474623759962,0.09416160310006602
normal_stop_hold_control,1.41,0.0530959474799624,0.061957423749736305,0.09426779499502591
normal_stop_hold_control,1.412,0.05391825619090285,0.061925435986205576,0.09437563150740756
normal_stop_hold_control,1.414,0.054748424687498236,0.06189877264169412,0.0944851283567827
normal_stop_hold_control,1.416,0.055608262633583046,0.061877441640197296,0.09459634488204992
normal_stop_hold_control,1.418,0.056498566635839284,0.0618614307745027,0.09470934201532137
normal_stop_hold_control,1.42,0.05770724641457828,0.06184994576600029,0.09482475650815034
normal_stop_hold_control,1.422,0.05881682883478162,0.061842873936869394,0.09494239016581993
normal_stop_hold_control,1.424,0.059834180888419096,0.06184007355911554,0.09506205852759678
normal_stop_hold_control,1.426,0.06077325251170607,0.06184140964781089,0.09518360503262015
normal_stop_hold_control,1.428,0.06165213833372632,0.061846723364961054,0.09530690930928772
normal_stop_hold_control,1.43,0.062490916832291576,0.061855886666686136,0.09543189114295253
normal_stop_hold_control,1.432,0.06330837052327905,0.061868815615763,0.0955585078839991
normal_stop_hold_control,1.434,0.06413180543938607,0.0618854650838621,0.095686771494878
normal_stop_hold_control,1.436,0.06497067612105274,0.06190579633403447,0.09581671284712
normal_stop_hold_control,1.438,0.06584162930408617,0.06192979487204527,0.0959483961057284
normal_stop_hold_control,1.44,0.06713477025052864,0.06195889124287429,0.09608266564622961
normal_stop_hold_control,1.442,0.06831699023558989,0.06199283359819339,0.09621929962670092
normal_stop_hold_control,1.444,0.06939953194310446,0.06203139553761297,0.09635809869058737
normal_stop_hold_control,1.446,0.07037969528861525,0.06207434280052238,0.09649885808116455
normal_stop_hold_control,1.448,0.07127834337676574,0.06212148708288641,0.09664141476791797
normal_stop_hold_control,1.45,0.07212067040561158,0.062172695267442096,0.09678565610872923
normal_stop_hold_control,1.452,0.07293265085503821,0.06222787079909026,0.09693152141043933
normal_stop_hold_control,1.454,0.07374510839284582,0.0622869774078882,0.09707901162722495
normal_stop_hold_control,1.456,0.07457321362822714,0.062349978507754845,0.0972281580544812
normal_stop_hold_control,1.458,0.0754353472885597,0.06241685616738392,0.09737902874905857
normal_stop_hold_control,1.46,0.07680888633234809,0.06248859575416263,0.09753264652172326
normal_stop_hold_control,1.462,0.07803236835262427,0.06256484278398648,0.09768871125842872
normal_stop_hold_control,1.464,0.07910491965162114,0.06264524055261753,0.09784692109773219
normal_stop_hold_control,1.466,0.08005109622701854,0.06272947888103017,0.09800702329018605
normal_stop_hold_control,1.468,0.08091153745001027,0.06281732689292781,0.09816884636508615
normal_stop_hold_control,1.47,0.08169295480235599,0.06290856139975368,0.0983322322746911
normal_stop_hold_control,1.472,0.08242889594979297,0.06300302121417112,0.09849709006659091
normal_stop_hold_control,1.474,0.0831537859659644,0.06310060982946886,0.09866339763852308
normal_stop_hold_control,1.476,0.08388980408810769,0.06320126847551763,0.09883117724669918
normal_stop_hold_control,1.478,0.08466156770280853,0.0633049918911329,0.0990005003821048
normal_stop_hold_control,1.48,0.08601228526988376,0.06341336119377693,0.09917252495264431
normal_stop_hold_control,1.482,0.08715942160705147,0.06352590022772543,0.09934684379585863
normal_stop_hold_control,1.484,0.08809705049097394,0.06364211850113322,0.0995230378968408
normal_stop_hold_control,1.486,0.08884152750428599,0.06376155509826742,0.09970072095184951
normal_stop_hold_control,1.488,0.08942501067550779,0.06388380987519408,0.09987957097320034
normal_stop_hold_control,1.49,0.08989246640367686,0.06400856900297842,0.10005935590600747
normal_stop_hold_control,1.492,0.09030766288173504,0.06413564270060113,0.10023997123177118
normal_stop_hold_control,1.494,0.09068558500317277,0.06426486772509865,0.10042134240177747
normal_stop_hold_control,1.496,0.09106409720460502,0.06439615316180897,0.10060347059618682
normal_stop_hold_control,1.498,0.09146899625542945,0.06452945645319982,0.10078640858869752
normal_stop_hold_control,1.5,0.09245826597412542,0.06466583447250085,0.10097132512064554
normal_stop_hold_control,1.502,0.09311083337289143,0.06480453250088754,0.10115754678739157
normal_stop_hold_control,1.504,0.09342027639575813,0.06494477715146954,0.10134438734018293
normal_stop_hold_control,1.506,0.09342647331652572,0.06508586907800902,0.10153124028681619
normal_stop_hold_control,1.508,0.09318913317520167,0.06522722279190628,0.10171761855316679
normal_stop_hold_control,1.51,0.09276333867634881,0.06536835763994851,0.10190314523051966
normal_stop_hold_control,1.512,0.09220660285790637,0.06550890298575379,0.1020875584362353
normal_stop_hold_control,1.514,0.09157468216140474,0.06564859511569654,0.10227070780055814
normal_stop_hold_control,1.516,0.09091873406222697,0.06578726856095972,0.10245254526868261
normal_stop_hold_control,1.518,0.0902852185084054,0.06592484732068432,0.10263311570569945
normal_stop_hold_control,1.52,0.08927556328304596,0.06606043566559208,0.10281166683226543
normal_stop_hold_control,1.522,0.08785679894636701,0.06619314403285269,0.10298738043015823
normal_stop_hold_control,1.524,0.08727031501664809,0.06632455936391468,0.10316192106019165
normal_stop_hold_control,1.526,0.08695036680917272,0.06645513132049327,0.1033358217938099
normal_stop_hold_control,1.528,0.08676636430195106,0.06658504095421201,0.1035093545224139
normal_stop_hold_control,1.53,0.08666532233739614,0.06671449716737414,0.10368268516708894
normal_stop_hold_control,1.532,0.08811240929563215,0.066846560410446,0.10385890998568015
normal_stop_hold_control,1.534,0.08991411456306908,0.06698180373272164,0.10403873821480655
normal_stop_hold_control,1.536,0.09191632398260967,0.06712049314673031,0.10422257086277167
normal_stop_hold_control,1.538,0.09408208547230441,0.06726281948661018,0.10441073503371638
normal_stop_hold_control,1.54,0.0948810881450759,0.06740571536555118,0.10460049721000664
normal_stop_hold_control,1.542,0.09597344133303422,0.06754975470998158,0.10479244409267253
normal_stop_hold_control,1.544,0.09753566455225862,0.06769585559976123,0.10498751542177691
normal_stop_hold_control,1.546,0.09918671364522744,0.06784416472562826,0.10518588884906724
normal_stop_hold_control,1.548,0.1007449961896268,0.06799445113156621,0.1053873788414462
normal_stop_hold_control,1.55,0.1022399747847531,0.06814654226748969,0.1055918587910157
normal_stop_hold_control,1.552,0.10365721817417654,0.06830022824088376,0.10579917322736408
normal_stop_hold_control,1.554,0.10498647647989805,0.06845527090373835,0.10600914618032374
normal_stop_hold_control,1.556,0.10623141713558218,0.068611432583906,0.1062216090145947
normal_stop_hold_control,1.558,0.10738605606066276,0.06876845780774311,0.10643638112671604
normal_stop_hold_control,1.56,0.10352962501282155,0.06891616785317915,0.10664344037674192
normal_stop_hold_control,1.562,0.09992962251192065,0.06905511116099818,0.10684329962176586
normal_stop_hold_control,1.564,0.09633436375961389,0.0691853212074123,0.10703596834928533
normal_stop_hold_control,1.566,0.09265928782698363,0.06930664903681785,0.10722128692493917
normal_stop_hold_control,1.568,0.08889575549688096,0.06941891440630343,0.10739907843593287
normal_stop_hold_control,1.57,0.08499942222528287,0.06952183440981848,0.10756907728038333
normal_stop_hold_control,1.572,0.08097840959274102,0.06961512898582072,0.107731034099569
normal_stop_hold_control,1.574,0.07681661315553603,0.06969847344122244,0.10788466732587988
normal_stop_hold_control,1.576,0.07254258901773951,0.06977159162855741,0.1080297525039157
normal_stop_hold_control,1.578,0.06818581627710185,0.06983426146435127,0.10816612413647006
normal_stop_hold_control,1.58,0.06780522851830044,0.06989418656700282,0.1083017345935067
normal_stop_hold_control,1.582,0.06679002205723235,0.06995019593258457,0.10843531463762152
normal_stop_hold_control,1.584,0.06520280564785974,0.0700012289745114,0.10856572024891717
normal_stop_hold_control,1.586,0.06308380195113325,0.07004628887635232,0.10869188785281908
normal_stop_hold_control,1.588,0.06053359688567579,0.07008456189427643,0.10881295504659075
normal_stop_hold_control,1.59,0.057680740914791084,0.0701154687697934,0.10892831652842061
normal_stop_hold_control,1.592,0.05463922710544116,0.07013863601167498,0.10903759498263156
normal_stop_hold_control,1.594,0.05150833325351258,0.0701538676913591,0.1091406116491384
normal_stop_hold_control,1.596,0.04841253791970042,0.07016117756179298,0.10923743672497749
normal_stop_hold_control,1.598,0.04546386109191662,0.07016080321396138,0.10932836444716124
normal_stop_hold_control,1.6,0.04352390142790189,0.07015435105434144,0.10941541225001689
normal_stop_hold_control,1.602,0.04144483082939856,0.0701417071045304,0.10949830191167544
normal_stop_hold_control,1.604,0.0391808338234656,0.07012264783351574,0.10957666357932222
normal_stop_hold_control,1.606,0.03674691847269039,0.07009695374862152,0.10965015741626778
normal_stop_hold_control,1.608,0.03416244297407461,0.07006441359483172,0.10971848230221601
normal_stop_hold_control,1.61,0.03145135975739686,0.07002483165838332,0.10978138502173077
normal_stop_hold_control,1.612,0.028668807799624847,0.06997808707797303,0.10983872263733009
normal_stop_hold_control,1.614,0.0258721037631,0.06992413142121601,0.10989046684485607
normal_stop_hold_control,1.616,0.023091338185513958,0.06986294810379735,0.10993664952122696
normal_stop_hold_control,1.618,0.020380273499419798,0.06979461743873758,0.10997741006822559
normal_stop_hold_control,1.62,0.018942760850465333,0.0697209631973854,0.1100152955899268
normal_stop_hold_control,1.622,0.017416117998967976,0.06964202271195218,0.11005012782592448
normal_stop_hold_control,1.624,0.015794240236706173,0.06955780505555241,0.11008171630639788
normal_stop_hold_control,1.6260000000000001,0.014087319613358892,0.06946830948246403,0.11010989094562473
normal_stop_hold_control,1.6280000000000001,0.012348071206606385,0.06937360228731715,0.11013458708803811
normal_stop_hold_control,1.6300000000000001,0.010658759641499855,0.06927387408187656,0.11015590460732114
normal_stop_hold_control,1.6320000000000001,0.009113872622918831,0.0691694637035049,0.11017413235256696
normal_stop_hold_control,1.6340000000000001,0.007911696890187373,0.0690610467617764,0.11018995574634725
normal_stop_hold_control,1.6360000000000001,0.007245042096436475,0.06894966570542845,0.11020444583054013
normal_stop_hold_control,1.6380000000000001,0.007304369934226417,0.0688367094523474,0.11021905457040872
normal_stop_hold_control,1.6400000000000001,0.005975023693294354,0.06871847474634352,0.11023100461779518
normal_stop_hold_control,1.6420000000000001,0.005100923940711711,0.06859611532779585,0.11024120646567678
normal_stop_hold_control,1.6440000000000001,0.004770123109662611,0.06847093021859554,0.11025074671189591
normal_stop_hold_control,1.6460000000000001,0.005033169332885181,0.06834431886609113,0.11026081305056205
normal_stop_hold_control,1.6480000000000001,0.005801381432523243,0.06821746442522532,0.11027241581342744
normal_stop_hold_control,1.6500000000000001,0.0069181869041396275,0.06809118449848754,0.11028625218723571
normal_stop_hold_control,1.6520000000000001,0.008226073761063744,0.06796592781419224,0.11030270433475813
normal_stop_hold_control,1.6540000000000001,0.009641948082959866,0.06784191263205644,0.11032198823092416
normal_stop_hold_control,1.6560000000000001,0.011211276679347178,0.06771941726720875,0.11034441078428242
normal_stop_hold_control,1.6580000000000001,0.012822930996131994,0.06759846203559661,0.11037005664627476
normal_stop_hold_control,1.6600000000000001,0.013221244928676091,0.06747552515452492,0.1103964991361317
normal_stop_hold_control,1.6620000000000001,0.013934866885153822,0.06735154989146606,0.1104243688699018
normal_stop_hold_control,1.6640000000000001,0.014853758298326686,0.06722726009848352,0.11045407638649822
normal_stop_hold_control,1.666,0.015921351887422677,0.06710321981045847,0.11048591909027343
normal_stop_hold_control,1.668,0.017098671450867613,0.06697982398020048,0.11052011643317486
normal_stop_hold_control,1.67,0.01835557189288328,0.06685739606200974,0.1105568275769604
normal_stop_hold_control,1.672,0.019662934934295943,0.06673613234546016,0.11059615344682885
normal_stop_hold_control,1.674,0.021010201167352572,0.06661613694384605,0.11063817384916336
normal_stop_hold_control,1.676,0.022395621802372173,0.06649746542155736,0.110682965092768
normal_stop_hold_control,1.678,0.023812982349585916,0.06638011041966269,0.11073059105746726
normal_stop_hold_control,1.68,0.024394211993489588,0.06626118007694717,0.11077937948145414
normal_stop_hold_control,1.682,0.02513722708966395,0.06614141418485137,0.11082965393563325
normal_stop_hold_control,1.684,0.02600643899096102,0.06602149281266557,0.1108816668136152
normal_stop_hold_control,1.686,0.026975168703034107,0.0659020089364008,0.1109356171510209
normal_stop_hold_control,1.688,0.02802354782658069,0.06578345005476682,0.11099166424667399
normal_stop_hold_control,1.69,0.02913671180002605,0.0656661798937702,0.1110499376702742
normal_stop_hold_control,1.692,0.030303384542209214,0.06555041575549436,0.11111054443935874
normal_stop_hold_control,1.694,0.03151051732323021,0.06543631061872787,0.11117356547400548
normal_stop_hold_control,1.696,0.032750501624622695,0.06532393415565153,0.11123906647725434
normal_stop_hold_control,1.698,0.03401915109888846,0.06521328984223448,0.11130710477945183
normal_stop_hold_control,1.7,0.03463532986860467,0.06510183562886868,0.11137637543918899
normal_stop_hold_control,1.702,0.03537775356231943,0.06499049220349967,0.11144713094631353
normal_stop_hold_control,1.704,0.036223003562975864,0.06488015812047523,0.11151957695343971
normal_stop_hold_control,1.706,0.03715293379085341,0.06477162279917263,0.11159388282102169
normal_stop_hold_control,1.708,0.03815347322949468,0.06466551900796598,0.11167018976748057
normal_stop_hold_control,1.71,0.039213639640945916,0.06456234488770998,0.1117486170467626
normal_stop_hold_control,1.712,0.04032478655815638,0.06446246525732423,0.11182926661987888
normal_stop_hold_control,1.714,0.04148146785647399,0.0643661215100689,0.11191222955559174
normal_stop_hold_control,1.716,0.04267675850983909,0.06427343792073391,0.11199758307261133
normal_stop_hold_control,1.718,0.04390351619666491,0.06418443039662614,0.11208539010500461
normal_stop_hold_control,1.72,0.04458477238067588,0.06409867088969605,0.11217455964976628
normal_stop_hold_control,1.722,0.04540068627624406,0.0640172490361772,0.11226536102231863
normal_stop_hold_control,1.724,0.046310134971696365,0.06394111646593326,0.11235798129226188
normal_stop_hold_control,1.726,0.04730054473708903,0.063868155442787,0.11245258238173594
normal_stop_hold_control,1.728,0.04836145757163654,0.0637979984472852,0.11254930529687944
normal_stop_hold_control,1.73,0.0494840868334295,0.06373049578559814,0.11264827347054658
normal_stop_hold_control,1.732,0.050660631743882724,0.06366550689125271,0.11274959473403413
normal_stop_hold_control,1.734,0.05188257038576202,0.06359961274484063,0.11285335987480559
normal_stop_hold_control,1.736,0.05313911363420173,0.0635323091226695,0.11295963810207406
normal_stop_hold_control,1.738,0.05442592361820515,0.06346323040976985,0.11306848994931047
normal_stop_hold_control,1.74,0.05512282530741686,0.06339396977499882,0.11317873559992557
normal_stop_hold_control,1.742,0.05592305280862311,0.06332197777413054,0.1132905817055427
normal_stop_hold_control,1.744,0.05681513348510095,0.0632469678185329,0.11340421197251283
normal_stop_hold_control,1.746,0.05778904623180673,0.06316908409694938,0.11351979006497666
normal_stop_hold_control,1.748,0.05883595964498986,0.06308862056487781,0.11363746198426677
normal_stop_hold_control,1.75,0.05995449949148218,0.0630058810107509,0.11375737098324991
normal_stop_hold_control,1.752,0.061131393117515614,0.06292118132003412,0.11387963376948462
normal_stop_hold_control,1.754,0.0623594524846,0.06283484146488179,0.11400435267445402
normal_stop_hold_control,1.756,0.06363222008235926,0.06274717853216162,0.1141316171146189
normal_stop_hold_control,1.758,0.06494390244045647,0.06265853099285498,0.1142615049195
normal_stop_hold_control,1.76,0.06575532384914147,0.06258004048272857,0.11439301556719852
normal_stop_hold_control,1.762,0.06665949654473514,0.06251129737535559,0.11452633456028777
normal_stop_hold_control,1.764,0.06764483135224335,0.062452375488237094,0.1146616242229922
normal_stop_hold_control,1.766,0.068701264306717,0.06240344249873453,0.11479902675160596
normal_stop_hold_control,1.768,0.06982193178721646,0.06236480576956725,0.11493867061518014
normal_stop_hold_control,1.77,0.07100041529143107,0.0623367918050868,0.11508067144576294
normal_stop_hold_control,1.772,0.07223072822495932,0.0623197024162048,0.1152251329022127
normal_stop_hold_control,1.774,0.07350730614490497,0.06231387539540255,0.11537214751450223
normal_stop_hold_control,1.776,0.07482499794452185,0.06231958775861017,0.11552179751039117
normal_stop_hold_control,1.778,0.07617905644214701,0.06233705417675281,0.11567415562327552
normal_stop_hold_control,1.78,0.07699982940446674,0.06235659090313235,0.11582815528208455
normal_stop_hold_control,1.782,0.07790236799991641,0.062379695400766245,0.11598396001808427
normal_stop_hold_control,1.784,0.07888018623147441,0.062407709622060964,0.11614172039054715
normal_stop_hold_control,1.786,0.07992698807425072,0.06244181588166565,0.11630157436669548
normal_stop_hold_control,1.788,0.0810369273175503,0.06248305063789591,0.11646364822133042
normal_stop_hold_control,1.79,0.08220436911298389,0.06253213840567075,0.11662805695955654
normal_stop_hold_control,1.792,0.08342475323283671,0.06258955276320609,0.11679490646602245
normal_stop_hold_control,1.794,0.08469656105458218,0.06265555144902434,0.1169642995881313
normal_stop_hold_control,1.796,0.08601451000745836,0.06273014813451752,0.1171363286081463
normal_stop_hold_control,1.798,0.08737373129972784,0.06281305492392857,0.1173110760707456
normal_stop_hold_control,1.8,0.08832002965178076,0.06290197091836029,0.11748771613004934
normal_stop_hold_control,1.802,0.08932057182302482,0.06299722218208942,0.11766635727369532
normal_stop_hold_control,1.804,0.09037057095699488,0.0630992504533071,0.11784709841560961
normal_stop_hold_control,1.806,0.09146578378412172,0.06320850838628936,0.11803002998317765
normal_stop_hold_control,1.808,0.09260244687445436,0.06332536275007096,0.1182152348769266
normal_stop_hold_control,1.81,0.09377702482781153,0.06345012290985769,0.11840278892658238
normal_stop_hold_control,1.812,0.09499285748566849,0.0635829856542347,0.11859277464155354
normal_stop_hold_control,1.814,0.09624771324919082,0.06372405541987519,0.11878527006805206
normal_stop_hold_control,1.816,0.09753813545360455,0.06387334933269469,0.11898034633895896
normal_stop_hold_control,1.818,0.09886138695277435,0.06403076081872938,0.11917806911286422
normal_stop_hold_control,1.82,0.09995275609827607,0.06419329229373996,0.1193779746250605
normal_stop_hold_control,1.822,0.10105628180249047,0.06436111374029536,0.1195800871886655
normal_stop_hold_control,1.824,0.10217220443288787,0.06453440671616711,0.11978443159753147
normal_stop_hold_control,1.826,0.103300984745872,0.06471334536366735,0.11999103356702306
normal_stop_hold_control,1.828,0.1044432930068763,0.06489795038698504,0.120199920153037
normal_stop_hold_control,1.83,0.10559995150658529,0.06508807599343452,0.12041112005605031
normal_stop_hold_control,1.832,0.10677186142302578,0.0652833439230527,0.12062466377889654
normal_stop_hold_control,1.834,0.1079569697158951,0.0654829526227461,0.12084057771832847
normal_stop_hold_control,1.836,0.10914837598122686,0.0656857242586388,0.12105887447029096
normal_stop_hold_control,1.838,0.11035979167591158,0.06589027059758877,0.12127959405364296
normal_stop_hold_control,1.84,0.11156347568403224,0.06609980093230886,0.12150272100501097
normal_stop_hold_control,1.842,0.11271327327468941,0.06631324857039136,0.12172814755156044
normal_stop_hold_control,1.844,0.113813337383889,0.06652939739219499,0.12195577422632839
normal_stop_hold_control,1.846,0.11486930748615684,0.06674706242530712,0.12218551284130078
normal_stop_hold_control,1.848,0.11588785559548133,0.06696524510059548,0.12241728855249195
normal_stop_hold_control,1.85,0.116878607062291,0.06718322423324725,0.12265104576661628
normal_stop_hold_control,1.852,0.11784920934225877,0.06740058757463922,0.12288674418530109
normal_stop_hold_control,1.854,0.11880688911827578,0.06761705671546599,0.12312435796353789
normal_stop_hold_control,1.856,0.11975741834692645,0.06783231756504388,0.12336387280023148
normal_stop_hold_control,1.858,0.1206989852232755,0.06804625324983174,0.12360527077067832
normal_stop_hold_control,1.86,0.12203734174558954,0.06826217155382648,0.12384934545416977
normal_stop_hold_control,1.862,0.12321400127092971,0.0684791089237002,0.12409577345671152
normal_stop_hold_control,1.864,0.12427926138784541,0.06869641366256064,0.12434433197948698
normal_stop_hold_control,1.866,0.125191524152219,0.06891346459280019,0.12459471502779136
normal_stop_hold_control,1.868,0.12597074722251256,0.06912976121922523,0.12484665652223625
normal_stop_hold_control,1.87,0.1266377205751362,0.06934490666592037,0.1250999319633866
normal_stop_hold_control,1.872,0.12721323139787827,0.06955860890618788,0.12535435842618237
normal_stop_hold_control,1.874,0.12771742498025634,0.06977064003925731,0.1256097932761431
normal_stop_hold_control,1.8760000000000001,0.12816932982012016,0.06998081633475481,0.12586613193578325
normal_stop_hold_control,1.8780000000000001,0.1285834012045936,0.07018899636489886,0.12612329873819217
normal_stop_hold_control,1.8800000000000001,0.13010324187038488,0.07039913129505468,0.12638350522193298
normal_stop_hold_control,1.8820000000000001,0.13125540434598196,0.07061015102513835,0.12664601603062467
normal_stop_hold_control,1.8840000000000001,0.13205669852157892,0.07082109120257604,0.12691012942766794
normal_stop_hold_control,1.8860000000000001,0.13241633329961938,0.07103086068055067,0.12717496209426746
normal_stop_hold_control,1.8880000000000001,0.1324989681438553,0.07123873895180294,0.1274399600305553
normal_stop_hold_control,1.8900000000000001,0.1323587796982342,0.07144414512607801,0.12770467758995196
normal_stop_hold_control,1.8920000000000001,0.13206085029835946,0.07164665240766105,0.12796879929054852
normal_stop_hold_control,1.8940000000000001,0.13163430629167372,0.07184591975381481,0.1282320679031319
normal_stop_hold_control,1.8960000000000001,0.13109676470568743,0.07204165708369531,0.12849426143254344
normal_stop_hold_control,1.8980000000000001,0.1304822065173397,0.07223365617994225,0.1287552258455785
normal_stop_hold_control,1.9000000000000001,0.13195891437043067,0.0724274360782461,0.12901914367431916
normal_stop_hold_control,1.9020000000000001,0.1328513028671205,0.0726215685429787,0.12928484628005368
normal_stop_hold_control,1.9040000000000001,0.1331709129791741,0.07281469615843564,0.12955118810601185
normal_stop_hold_control,1.9060000000000001,0.1329933563516343,0.07300564999217386,0.12981717481871508
normal_stop_hold_control,1.9080000000000001,0.13238803965765744,0.07319342901286233,0.13008195089803068
normal_stop_hold_control,1.9100000000000001,0.13140838887997938,0.07337716185665447,0.1303447676757903
normal_stop_hold_control,1.9120000000000001,0.13011821192458053,0.0735561228409612,0.1306050040996394
normal_stop_hold_control,1.9140000000000001,0.12858089630627273,0.07372972449847347,0.13086216589225189
normal_stop_hold_control,1.9160000000000001,0.12685745286899452,0.07389751592243006,0.13111588079798964
normal_stop_hold_control,1.9180000000000001,0.1250051314418954,0.07405918037696918,0.13136589106087332
normal_stop_hold_control,1.92,0.12608828115358794,0.0742216925952125,0.13161806762318037
normal_stop_hold_control,1.922,0.1271125049489855,0.0743846626590202,0.1318722926330782
normal_stop_hold_control,1.924,0.12798478433263566,0.07454759688285616,0.13212826220174312
normal_stop_hold_control,1.926,0.1294116992172564,0.07471144028339795,0.13238708560017767
normal_stop_hold_control,1.928,0.1309956830958539,0.07487636404145159,0.13264907696636927
normal_stop_hold_control,1.93,0.1328175206980638,0.0750427188290483,0.13291471200776533
normal_stop_hold_control,1.932,0.13480643679807972,0.07521072899695164,0.13318432488136148
normal_stop_hold_control,1.934,0.1369456151260174,0.07538060262786052,0.13345821611161326
normal_stop_hold_control,1.936,0.1395047084771751,0.07555311049636297,0.13373722552856768
normal_stop_hold_control,1.938,0.14237758237356624,0.07572881910867649,0.13402198069331506
normal_stop_hold_control,1.94,0.14090348256180427,0.07590021927916099,0.1343037876584385
normal_stop_hold_control,1.942,0.13981184765808993,0.07606786732845755,0.13458341135375446
normal_stop_hold_control,1.944,0.13897377904535566,0.07623208499730598,0.13486135891184506
normal_stop_hold_control,1.946,0.1382887235629405,0.07639301322294602,0.13513793635897078
normal_stop_hold_control,1.948,0.13769172578140718,0.07655068093399463,0.13541331981053342
normal_stop_hold_control,1.95,0.13715984179068363,0.07670508971477887,0.1356876394941146
normal_stop_hold_control,1.952,0.13664566795850128,0.07685616176841548,0.13596093083003175
normal_stop_hold_control,1.954,0.13604407798043883,0.07700361583114601,0.13623301898599272
normal_stop_hold_control,1.956,0.13543482246963037,0.07714734356469245,0.13650388863093224
normal_stop_hold_control,1.958,0.13480825140913583,0.0772872293637571,0.13677350513375025
normal_stop_hold_control,1.96,0.13119777728082851,0.07741827001167088,0.13703590068831215
normal_stop_hold_control,1.962,0.1276787351771266,0.07754046387275709,0.1372912581586661
normal_stop_hold_control,1.964,0.12421825789422705,0.07765376694387711,0.13753969467445454
normal_stop_hold_control,1.966,0.12072388953280404,0.07775797039223577,0.1377811424535202
normal_stop_hold_control,1.968,0.11717238421674325,0.07785283266644678,0.13801548722195367
normal_stop_hold_control,1.97,0.11355889487728592,0.0779381153843237,0.13824260501170826
normal_stop_hold_control,1.972,0.10988855833458944,0.0780136024190978,0.13846238212837753
normal_stop_hold_control,1.974,0.10617149073307851,0.07807910899813067,0.13867472510984347
normal_stop_hold_control,1.976,0.10242086989954115,0.07813448698618704,0.1388795668496423
normal_stop_hold_control,1.978,0.09861775311137326,0.07817955982526086,0.13907680235586498
normal_stop_hold_control,1.98,0.09732398249702232,0.07822041281062715,0.13927145032085927
normal_stop_hold_control,1.982,0.09583619735315854,0.07825649590565217,0.13946312271556555
normal_stop_hold_control,1.984,0.09416038725978523,0.07828728394267995,0.13965144349008532
normal_stop_hold_control,1.986,0.09232004439844413,0.07831231124557618,0.13983608357888236
normal_stop_hold_control,1.988,0.09031580776430982,0.07833112544474778,0.140016715194411
normal_stop_hold_control,1.99,0.0882415244514961,0.07834347307909202,0.14019319824331422
normal_stop_hold_control,1.992,0.08608799158397212,0.07834909029262374,0.1403653742264819
normal_stop_hold_control,1.994,0.08385644988325397,0.07834771950044911,0.14053308712624843
normal_stop_hold_control,1.996,0.08161458470064367,0.0783392489586549,0.14069631629564996
normal_stop_hold_control,1.998,0.07938668353796155,0.078323625085966,0.1408550896627259
normal_stop_hold_control,2.0,0.07792812252241937,0.07830320192203896,0.14101094590777058
